obs_id,sex,length_obs_s,sig_s,sig_nb,chasing_s,feeding_s,frozen_s,Q1_s,Q2_s,Q3_s,Q4_s,Q5_s,Q6_s,dash_nb,bin,tank,time,fish_ID,cue
C01V1,female,66.16,NA,NA,NA,12.747,0,5.992,1.496,13.118,7.999,33.989,2.75,0,0,ST2C9,after,ST2C9F,control
C01V1,female,57.83,NA,NA,NA,0,0,23.226,0,17.533,0,15.661,0,0,1,ST2C9,after,ST2C9F,control
C01V1,female,57.83,NA,NA,NA,0,0,14.991,3.747,15.238,5.743,13.974,3.253,0,2,ST2C9,after,ST2C9F,control
C01V1,female,66.09,NA,NA,NA,0,0,27.325,0,12.855,0,22.736,2.498,0,3,ST2C9,after,ST2C9F,control
C01V1,female,57.83,NA,NA,NA,0,0,8.248,0,12.486,0,28.243,7.928,0,4,ST2C9,after,ST2C9F,control
C01V1,female,57.83,NA,NA,NA,0,0,3.752,19.743,4.471,9.498,15.492,4.001,0,5,ST2C9,after,ST2C9F,control
C01V1,female,57.83,NA,NA,NA,0,0,1.745,0,12.481,0,40.435,2.496,0,6,ST2C9,after,ST2C9F,control
C01V1,female,66.09,NA,NA,NA,4.753,0,6.427,0,11.738,0,46.246,0,0,7,ST2C9,after,ST2C9F,control
C01V1,female,57.83,NA,NA,NA,1.249,0,13.74,0,11.994,0,31.163,0,0,8,ST2C9,after,ST2C9F,control
C01V1,female,57.83,NA,NA,NA,0,0,28.92,0,15.499,0,8.245,3.497,0,9,ST2C9,after,ST2C9F,control
C01V1,female,2.64,NA,NA,NA,0,0,2.578,0,0,0,0,0,0,10,ST2C9,after,ST2C9F,control
C01V1,male,66.16,8.246,6,0,0,0,18.901,2.248,17.99,1.248,23.493,1.248,0,0,ST2C9,after,ST2C9M,control
C01V1,male,57.83,8.51,3,5.745,0,0,24.995,3.003,16.295,0.498,10.362,2.247,0,1,ST2C9,after,ST2C9M,control
C01V1,male,57.83,6.002,5,1.497,0,0,26.73,8.744,10.49,4,6.996,0,0,2,ST2C9,after,ST2C9M,control
C01V1,male,66.09,21.001,10,0.999,0,0,31.919,1.499,13.486,0,18.744,0,0,3,ST2C9,after,ST2C9M,control
C01V1,male,57.83,10.241,6,2.5,0,0,9.745,0,16.739,0,25.847,4.403,0,4,ST2C9,after,ST2C9M,control
C01V1,male,57.83,0.75,1,0,0,0,16.289,26.166,5.083,5.35,1.881,1.982,0,5,ST2C9,after,ST2C9M,control
C01V1,male,57.83,13.498,7,3.741,0,0,5.004,0,4.992,0,44.914,1.752,0,6,ST2C9,after,ST2C9M,control
C01V1,male,66.09,9.353,5,1.701,0,0,9.656,0.751,12.499,1.495,40.738,0.502,0,7,ST2C9,after,ST2C9M,control
C01V1,male,57.83,13.497,6,10.673,0,0,15.999,2.498,10.654,0.249,26.299,0,0,8,ST2C9,after,ST2C9M,control
C01V1,male,57.83,4.501,4,6.755,0,0,28.668,0,16.227,0,11.746,0,0,9,ST2C9,after,ST2C9M,control
C01V1,male,2.64,1.112,1,0,0,0,2.23,0,0,0,0,0,0,10,ST2C9,after,ST2C9M,control
C01V2,female,66.16,NA,NA,NA,2.003,0,12.551,21.992,15.309,1.002,13.997,0,0,0,ST2C9,before,ST2C9F,control
C01V2,female,57.83,NA,NA,NA,1.247,0,21.419,3.244,7.755,0,24.494,0,0,1,ST2C9,before,ST2C9F,control
C01V2,female,57.83,NA,NA,NA,0,0,52.936,0,1,0,3.653,0,0,2,ST2C9,before,ST2C9F,control
C01V2,female,66.09,NA,NA,NA,0,0,35.969,25.15,2.249,2.248,0,0,0,3,ST2C9,before,ST2C9F,control
C01V2,female,57.83,NA,NA,NA,13.692,0,23.899,0,5.995,0,21.745,5.943,0,4,ST2C9,before,ST2C9F,control
C01V2,female,57.83,NA,NA,NA,1,0,4.501,19.498,0,13.658,0,19.491,0,5,ST2C9,before,ST2C9F,control
C01V2,female,57.83,NA,NA,NA,0.997,0,0,9.246,0,31.669,0,15.734,0,6,ST2C9,before,ST2C9F,control
C01V2,female,66.09,NA,NA,NA,0,0,0,30.51,0,23.111,0,12.138,0,7,ST2C9,before,ST2C9F,control
C01V2,female,57.83,NA,NA,NA,2,0,2.997,27.736,0,15.169,0,9.005,0,8,ST2C9,before,ST2C9F,control
C01V2,female,57.83,NA,NA,NA,1.502,0,0,14.988,4.496,13.983,10.22,13,0,9,ST2C9,before,ST2C9F,control
C01V2,female,2.38,NA,NA,NA,0,0,0,0,0,0,2.093,0,0,10,ST2C9,before,ST2C9F,control
C01V2,male,66.16,0,0,0.251,0,0,29.968,33.494,1.5,0,0,0,0,0,ST2C9,before,ST2C9M,control
C01V2,male,57.83,0,0,0,0,0,45.918,6.003,2.248,0,3.247,0,0,1,ST2C9,before,ST2C9M,control
C01V2,male,57.83,0,0,0,0,0,57.074,0.498,0,0,0,0,0,2,ST2C9,before,ST2C9M,control
C01V2,male,66.09,0,0,1.249,0,0,51.222,11.997,1.747,0,0,0,0,3,ST2C9,before,ST2C9M,control
C01V2,male,57.83,6.243,2,4.497,10.744,0,28.154,0,6.745,0,22.661,0,0,4,ST2C9,before,ST2C9M,control
C01V2,male,57.83,3.748,3,0,0,0,20.748,24.247,1.748,2.214,0,6.502,0,5,ST2C9,before,ST2C9M,control
C01V2,male,57.83,3.999,1,7.004,13,0,0,0.965,0,24.249,22.996,9.146,0,6,ST2C9,before,ST2C9M,control
C01V2,male,66.09,1.743,2,4.498,8.503,0,1.963,24.249,0.497,6.001,26.999,5.239,0,7,ST2C9,before,ST2C9M,control
C01V2,male,57.83,0.749,1,2.002,3.419,0,12.673,14.746,6.99,6.244,8.745,7.251,0,8,ST2C9,before,ST2C9M,control
C01V2,male,57.83,3.494,5,2.748,0,0,5.9,2.502,13.496,3.495,26.067,5.996,0,9,ST2C9,before,ST2C9M,control
C01V2,male,2.38,0,0,1.616,0,0,0,0,0,0,2.02,0,0,10,ST2C9,before,ST2C9M,control
C02V1,female,66.73,NA,NA,NA,0,0,2.001,22.993,6.745,10.396,12.114,12.006,0,0,ST2C14,before,ST2C14F,control
C02V1,female,58.33,NA,NA,NA,1.75,0,26.499,4.998,4.401,2.566,17.497,1.748,0,1,ST2C14,before,ST2C14F,control
C02V1,female,58.33,NA,NA,NA,5.251,0,30.998,0.749,4.913,2.997,17.005,0.749,0,2,ST2C14,before,ST2C14F,control
C02V1,female,58.33,NA,NA,NA,1.499,0,18.002,0,9.99,1.001,26.214,2.25,0,3,ST2C14,before,ST2C14F,control
C02V1,female,58.33,NA,NA,NA,0,0,0,18.997,0,18.652,3.404,16.999,0,4,ST2C14,before,ST2C14F,control
C02V1,female,66.67,NA,NA,NA,0,0,12.499,7.498,8.117,13.394,12.496,12.249,0,5,ST2C14,before,ST2C14F,control
C02V1,female,58.33,NA,NA,NA,0,0,7.299,5.75,3.559,10.482,3.253,26.747,0,6,ST2C14,before,ST2C14F,control
C02V1,female,58.33,NA,NA,NA,0,0,22.001,2.496,6.496,3.253,17.911,5.744,0,7,ST2C14,before,ST2C14F,control
C02V1,female,58.33,NA,NA,NA,2.25,2.247,4.749,7.497,6.998,3.499,12.713,21.994,0,8,ST2C14,before,ST2C14F,control
C02V1,female,58.33,NA,NA,NA,0,0,19.246,0.998,19.959,3.998,6.496,6.748,0,9,ST2C14,before,ST2C14F,control
C02V1,female,25.03,NA,NA,NA,0,0,0,4.752,0,5.489,0,14.367,0,10,ST2C14,before,ST2C14F,control
C02V1,male,66.73,0,0,8.242,0,0,1.252,33.241,4.75,8.489,0.756,1.25,0,0,ST2C14,before,ST2C14M,control
C02V1,male,58.33,0.998,1,13.47,0,0,22.493,8.501,3.414,2.501,16.653,4.498,0,1,ST2C14,before,ST2C14M,control
C02V1,male,58.33,0,0,17.511,3.001,0,31.856,0,9.318,1.902,15.003,0,0,2,ST2C14,before,ST2C14M,control
C02V1,male,58.33,3.245,3,24.72,0,0,18.002,0,12.14,2.004,24.406,1.498,0,3,ST2C14,before,ST2C14M,control
C02V1,male,58.33,3.249,2,31.182,0,0,0,14.5,0,15.918,3.252,23.497,0,4,ST2C14,before,ST2C14M,control
C02V1,male,66.67,4.745,5,16.24,0,0,8.747,7.248,14.122,12.9,8.746,14.495,0,5,ST2C14,before,ST2C14M,control
C02V1,male,58.33,4.749,4,14.25,0,0,5.919,1.499,4.501,11.492,2.995,30.996,0,6,ST2C14,before,ST2C14M,control
C02V1,male,58.33,0.25,1,16.502,0,0,17.999,6.498,6.938,5.006,14.503,6.743,0,7,ST2C14,before,ST2C14M,control
C02V1,male,58.33,4.5,3,31.67,0,10.002,3.249,8.745,11.247,4.746,4.919,23.752,1,8,ST2C14,before,ST2C14M,control
C02V1,male,58.33,1.751,1,52.424,0,0,19.998,1.252,16.458,5.745,7.898,6.497,0,9,ST2C14,before,ST2C14M,control
C02V1,male,25.03,0,0,23.368,0,0,0,4.499,0,6.496,0,12.218,0,10,ST2C14,before,ST2C14M,control
C02V2,female,66.73,NA,NA,NA,0,7.5,0,17.901,5.995,15.999,0,26.36,0,0,ST2C14,after,ST2C14F,control
C02V2,female,47.37,NA,NA,NA,0,1.499,1.998,19.706,1.25,12.399,0,11.748,1,1,ST2C14,after,ST2C14F,control
C02V2,male,66.73,13.494,6,22.75,0,0.75,0,17.902,6.502,15.243,0,26.599,0,0,ST2C14,after,ST2C14M,control
C02V2,male,47.37,0,0,20.746,0,0,1.75,18.964,0.999,13.136,0,12.255,0,1,ST2C14,after,ST2C14M,control
C02V3,female,66.73,NA,NA,NA,0,2.499,6.556,40.151,2.745,11.889,0,5.002,0,2,ST2C14,after,ST2C14F,control
C02V3,female,58.33,NA,NA,NA,0,1.5,22.501,0.497,17.599,0,10.502,6.745,0,3,ST2C14,after,ST2C14F,control
C02V3,female,58.33,NA,NA,NA,6.754,0.499,6.996,0,17.467,1.245,22.744,8.248,0,4,ST2C14,after,ST2C14F,control
C02V3,female,58.33,NA,NA,NA,3.503,0,5.746,0,10.25,0,37.953,3.154,0,5,ST2C14,after,ST2C14F,control
C02V3,female,58.33,NA,NA,NA,0,0,29.244,0,13.163,0,13.753,0,0,6,ST2C14,after,ST2C14F,control
C02V3,female,66.67,NA,NA,NA,1.003,0,14.362,0,26.732,0,24.995,0,0,7,ST2C14,after,ST2C14F,control
C02V3,female,58.33,NA,NA,NA,1.465,0,6.994,3.496,4.997,4.495,14.498,22.967,2,8,ST2C14,after,ST2C14F,control
C02V3,female,55.83,NA,NA,NA,0,3.997,1.502,20.967,1.999,8.989,1.25,20.248,0,9,ST2C14,after,ST2C14F,control
C02V3,male,66.73,0.253,1,12.863,0,0,8.748,35.012,5.247,11.992,0,5.247,0,2,ST2C14,after,ST2C14M,control
C02V3,male,58.33,0,0,8.499,0,0,18.746,1.155,13.399,1.747,11.035,11.739,0,3,ST2C14,after,ST2C14M,control
C02V3,male,58.33,3.755,4,7.969,0,0,8.25,1.251,19.103,6.745,15.145,7.495,0,4,ST2C14,after,ST2C14M,control
C02V3,male,58.33,4.498,4,5.249,0,0,5.497,0,14.418,0,34.49,3.653,0,5,ST2C14,after,ST2C14M,control
C02V3,male,58.33,0.5,1,15.538,0,0,26.75,0,15.279,0,15.994,0,0,6,ST2C14,after,ST2C14M,control
C02V3,male,66.67,6.504,4,19.213,0,0,19.317,0,24.972,0,21.505,0,0,7,ST2C14,after,ST2C14M,control
C02V3,male,58.33,2.25,1,34.749,1.251,0,7.249,4.763,3.496,6.36,13.242,22.5,0,8,ST2C14,after,ST2C14M,control
C02V3,male,55.83,1,1,17.244,0,0,4.503,15.079,2.994,11.493,0.999,20.496,0,9,ST2C14,after,ST2C14M,control
C03V1,female,66.16,NA,NA,NA,0.499,0,0,15.498,12.252,1.612,28.986,7.25,0,0,ST2C8,before,ST2C8F,control
C03V1,female,57.83,NA,NA,NA,0,0,40.914,12.495,3.5,0,0,0,1,1,ST2C8,before,ST2C8F,control
C03V1,female,57.83,NA,NA,NA,0,0,26.82,10.998,6.241,2.249,11.253,0,0,2,ST2C8,before,ST2C8F,control
C03V1,female,66.09,NA,NA,NA,2.167,0,17.995,8.999,14.243,7.246,13.494,3.42,0,3,ST2C8,before,ST2C8F,control
C03V1,female,57.83,NA,NA,NA,0,0,7,4.246,4.544,13.995,12.87,14.896,0,4,ST2C8,before,ST2C8F,control
C03V1,female,57.83,NA,NA,NA,3.253,0,30.894,0,12.495,0.331,12.998,0,0,5,ST2C8,before,ST2C8F,control
C03V1,female,57.83,NA,NA,NA,0,0,16.249,11.92,5.243,4.748,12.249,6.75,0,6,ST2C8,before,ST2C8F,control
C03V1,female,66.09,NA,NA,NA,3.498,0,16.958,2.498,17.489,5.403,17.25,5.999,0,7,ST2C8,before,ST2C8F,control
C03V1,female,57.83,NA,NA,NA,0,0,25.616,0,15.487,0,16.25,0,0,8,ST2C8,before,ST2C8F,control
C03V1,female,57.83,NA,NA,NA,44.96,0,1.902,0,1.75,0,53.715,0,0,9,ST2C8,before,ST2C8F,control
C03V1,female,16.16,NA,NA,NA,6.615,0,0,0,0,0,15.108,0,0,10,ST2C8,before,ST2C8F,control
C03V1,male,66.16,0,0,0,0,0,20.36,16.996,15.249,5.745,6.998,0,0,0,ST2C8,before,ST2C8M,control
C03V1,male,57.83,0,0,5.994,0,0,38.413,15.5,3.251,0,0,0,0,1,ST2C8,before,ST2C8M,control
C03V1,male,57.83,0,0,0.502,0,0,34.072,2.744,12.299,0.75,7.247,0,0,2,ST2C8,before,ST2C8M,control
C03V1,male,66.09,0.998,1,13.999,0.749,1.606,12.74,17.498,14.493,12.701,7.999,0,0,3,ST2C8,before,ST2C8M,control
C03V1,male,57.83,0,0,0,0,0,0,0,2.749,16.996,14.998,22.615,0,4,ST2C8,before,ST2C8M,control
C03V1,male,57.83,0,0,6.753,0,0,39.962,0,5.502,3.496,0,8.403,0,5,ST2C8,before,ST2C8M,control
C03V1,male,57.83,0,0,3.25,0,0,28.826,2.747,4.499,0,15.497,5.998,0,6,ST2C8,before,ST2C8M,control
C03V1,male,66.09,0,0,0.997,0,0,33.246,20.493,1.752,9.928,0,0,0,7,ST2C8,before,ST2C8M,control
C03V1,male,57.83,0,0,3.751,0,0,45.926,0.997,7.245,0.401,3,0,0,8,ST2C8,before,ST2C8M,control
C03V1,male,57.83,0,0,0,0,0,22.749,0,0.001,30.963,0,3.246,0,9,ST2C8,before,ST2C8M,control
C03V1,male,16.16,0,0,0,0,0,0,11.611,0,2.748,0,1.402,0,10,ST2C8,before,ST2C8M,control
C03V2,female,66.16,NA,NA,NA,13.747,0,2.002,0,10.569,0,52.908,0,0,0,ST2C8,after,ST2C8F,control
C03V2,female,57.83,NA,NA,NA,4,0,2.742,0,16.367,0,38.388,0,0,1,ST2C8,after,ST2C8F,control
C03V2,female,57.83,NA,NA,NA,1,0,12.742,5.003,15.689,5.497,10.904,7.499,0,2,ST2C8,after,ST2C8F,control
C03V2,female,66.09,NA,NA,NA,0,0,46.41,1.752,14.402,2.249,0.998,0,0,3,ST2C8,after,ST2C8F,control
C03V2,female,57.83,NA,NA,NA,4.002,0,25.423,0,14.246,0,16.995,0,0,4,ST2C8,after,ST2C8F,control
C03V2,female,57.83,NA,NA,NA,0,0,25.613,13.496,8.489,6.748,2.998,0,0,5,ST2C8,after,ST2C8F,control
C03V2,female,57.83,NA,NA,NA,0,0,31.95,7.501,14.986,1.751,0.754,0,0,6,ST2C8,after,ST2C8F,control
C03V2,female,66.09,NA,NA,NA,2.499,0,31.993,0.497,16.746,0.499,10.916,4.5,0,7,ST2C8,after,ST2C8F,control
C03V2,female,57.83,NA,NA,NA,3.002,0,15.495,2.001,11.819,4.249,20.209,3.498,0,8,ST2C8,after,ST2C8F,control
C03V2,female,57.83,NA,NA,NA,0,0,19.589,0.749,30.987,0,5.998,0,0,9,ST2C8,after,ST2C8F,control
C03V2,female,7.93,NA,NA,NA,0,0,0,0,0,0,7.213,0,0,10,ST2C8,after,ST2C8F,control
C03V2,male,66.16,0,0,10.11,0,0,19.153,24.746,6.248,0,15.615,0,0,0,ST2C8,after,ST2C8M,control
C03V2,male,57.83,2,1,15.722,0,0,7.499,0,24.593,0,25.468,0,0,1,ST2C8,after,ST2C8M,control
C03V2,male,57.83,0,0,25.753,0,0,11.743,7.242,17.246,7.752,10.372,2.998,0,2,ST2C8,after,ST2C8M,control
C03V2,male,66.09,0,0,25.309,0,0,44.459,0,14.148,6.251,0.75,0,0,3,ST2C8,after,ST2C8M,control
C03V2,male,57.83,1.257,2,8.239,0,0,32.863,0,12.997,0,11.494,0,0,4,ST2C8,after,ST2C8M,control
C03V2,male,57.83,1.749,2,12.752,0,0,26.419,15.749,6.243,6.999,2.001,0,0,5,ST2C8,after,ST2C8M,control
C03V2,male,57.83,2.999,1,17.997,0,0,29.551,11.848,9.243,4.993,1.742,0,0,6,ST2C8,after,ST2C8M,control
C03V2,male,66.09,0,0,39.001,0,0,31.484,2.967,18.746,1.497,7.249,2.499,0,7,ST2C8,after,ST2C8M,control
C03V2,male,57.83,0,0,23.647,0,0,21.745,7.152,8.501,4.739,10.464,4.75,0,8,ST2C8,after,ST2C8M,control
C03V2,male,57.83,1,1,29.25,0,0,17.503,2.994,30.686,0,6.364,0,0,9,ST2C8,after,ST2C8M,control
C03V2,male,7.93,0,0,0,0,0,0,0,0,0,7.52,0,0,10,ST2C8,after,ST2C8M,control
C04V1,female,65.39,NA,NA,NA,0.25,0,35.363,2.749,10.401,0.995,15.495,0,0,0,ST2C12,before,ST2C12F,control
C04V1,female,55.98,NA,NA,NA,0,0,29.118,26.353,0,0,0,0,0,1,ST2C12,before,ST2C12F,control
C04V1,female,65.31,NA,NA,NA,1.752,0,27.999,17.898,0.499,6.997,0.499,8.858,0,2,ST2C12,before,ST2C12F,control
C04V1,female,55.98,NA,NA,NA,4.755,0,18.36,0,6.994,0,30.151,0,0,3,ST2C12,before,ST2C12F,control
C04V1,female,65.31,NA,NA,NA,4.749,0,26.896,14,5.365,2.245,7.492,8.753,0,4,ST2C12,before,ST2C12F,control
C04V1,female,55.98,NA,NA,NA,2.255,0,11.959,9.996,3.25,4.996,7.249,18.114,0,5,ST2C12,before,ST2C12F,control
C04V1,female,65.31,NA,NA,NA,0,0,45.175,17.5,2.246,0,0,0,0,6,ST2C12,before,ST2C12F,control
C04V1,female,55.98,NA,NA,NA,18.751,0,8.242,8.153,2.502,0,36.651,0,0,7,ST2C12,before,ST2C12F,control
C04V1,female,55.98,NA,NA,NA,9.998,0,0,31.105,0,3.501,11.15,9.75,0,8,ST2C12,before,ST2C12F,control
C04V1,female,65.31,NA,NA,NA,0,0,0,4.744,0,34.74,0,24.347,0,9,ST2C12,before,ST2C12F,control
C04V1,female,13.29,NA,NA,NA,1.253,0,0,0,0,0,6.614,5.747,0,10,ST2C12,before,ST2C12F,control
C04V1,male,65.39,3.249,2,53.86,0,0,33.963,4,12.899,0.748,13.497,0,0,0,ST2C12,before,ST2C12M,control
C04V1,male,55.98,0.751,1,27.205,0,0,20.394,33.436,1.752,0,0,0,0,1,ST2C12,before,ST2C12M,control
C04V1,male,65.31,4.972,4,34.746,0,0,26.248,19.898,0.746,6.987,0,10.974,0,2,ST2C12,before,ST2C12M,control
C04V1,male,55.98,0,0,5.251,10.556,0,5.251,0,5.747,0,43.861,0.654,0,3,ST2C12,before,ST2C12M,control
C04V1,male,65.31,0,0,16.221,5.998,0,11.754,9.496,7.407,3.496,20.003,12.748,0,4,ST2C12,before,ST2C12M,control
C04V1,male,55.98,5.257,3,22.623,0.751,0,9.361,9.747,3.995,5.751,10.998,15.65,0,5,ST2C12,before,ST2C12M,control
C04V1,male,65.31,5.241,4,24.863,0,0,41.806,10.001,11.494,0,1.75,0,0,6,ST2C12,before,ST2C12M,control
C04V1,male,55.98,1.503,1,22.24,7.466,0,8.147,7.001,3.249,1.25,35.964,0,0,7,ST2C12,before,ST2C12M,control
C04V1,male,55.98,0,0,34.354,0,0,0,31.613,0,2.997,10.9,9.997,0,8,ST2C12,before,ST2C12M,control
C04V1,male,65.31,1.002,1,42.062,0,0,0,5.396,0,36.992,0,22.624,0,9,ST2C12,before,ST2C12M,control
C04V1,male,13.29,1.999,1,2.249,0,0,0,0,0,0.977,2.748,9.151,0,10,ST2C12,before,ST2C12M,control
C04V2,female,65.39,NA,NA,NA,8.505,0,19.248,7.492,3.002,9.902,6.746,18.719,0,0,ST2C12,after,ST2C12F,control
C04V2,female,55.98,NA,NA,NA,7.009,0,3.499,4.496,2.998,2.249,16.619,21.245,0,1,ST2C12,after,ST2C12F,control
C04V2,female,65.31,NA,NA,NA,8.499,0,15.008,10.749,2.49,1.999,18.257,16.25,0,2,ST2C12,after,ST2C12F,control
C04V2,female,55.98,NA,NA,NA,1.003,0,16.25,2.747,7.964,2.497,19.747,6.001,0,3,ST2C12,after,ST2C12F,control
C04V2,female,65.31,NA,NA,NA,0,0,35.612,0,19.49,0,8.996,0,0,4,ST2C12,after,ST2C12F,control
C04V2,female,55.98,NA,NA,NA,0,0.753,24.25,3.001,9.128,0,18.24,0,0,5,ST2C12,after,ST2C12F,control
C04V2,female,65.31,NA,NA,NA,5.256,0,25.996,17.917,2.747,1.399,7.249,9.749,0,6,ST2C12,after,ST2C12F,control
C04V2,female,27.88,NA,NA,NA,0,0,2.653,0.997,0,0,5.75,18.115,0,7,ST2C12,after,ST2C12F,control
C04V2,male,65.39,0,0,9.003,5,1.002,10.998,9.498,9.495,10.496,4.999,19.161,0,0,ST2C12,after,ST2C12M,control
C04V2,male,55.98,0,0,1.217,17.51,0,0,6.748,3.496,9.249,3.358,32.646,0,1,ST2C12,after,ST2C12M,control
C04V2,male,65.31,0,0,17.256,14.998,0,10,0,8.743,0,45.365,0,0,2,ST2C12,after,ST2C12M,control
C04V2,male,55.98,2.25,1,10.058,0,0.254,16.97,2.498,7.606,1.998,24.25,2.745,3,3,ST2C12,after,ST2C12M,control
C04V2,male,65.31,0,0,0,0,0,35.363,0,18.391,0,10.997,0,0,4,ST2C12,after,ST2C12M,control
C04V2,male,55.98,0,0,7.745,0,0,26.506,4.25,12.244,0.998,11.495,0,0,5,ST2C12,after,ST2C12M,control
C04V2,male,65.31,0,0,19.171,1.257,0,30.497,13.66,3.898,1.998,7.752,7.244,0,6,ST2C12,after,ST2C12M,control
C04V2,male,27.88,0,0,0,0,0.501,0,3.4,8.863,0,12.001,3.25,0,7,ST2C12,after,ST2C12M,control
C04V3,female,66.73,NA,NA,NA,2.75,0,4.243,7.5,5.997,3.998,21.258,22.357,0,8,ST2C12,after,ST2C12F,control
C04V3,female,58.33,NA,NA,NA,0.5,0,0,7.927,0,20.345,0,28.999,0,9,ST2C12,after,ST2C12F,control
C04V3,female,29.2,NA,NA,NA,0,0,0,12.75,0,14.868,0,0,0,10,ST2C12,after,ST2C12F,control
C04V3,male,66.73,1.504,1,7.497,0,0,6.496,6.751,4.754,11.235,10.069,17.962,0,8,ST2C12,after,ST2C12M,control
C04V3,male,58.33,0,0,0,0,0,14.204,0,16.743,0,25.249,1.653,0,9,ST2C12,after,ST2C12M,control
C04V3,male,29.2,0,0,0,0.751,0,4.745,7.248,2.252,7.207,3.249,3.998,0,10,ST2C12,after,ST2C12M,control
C05V1,female,66.16,NA,NA,NA,15.496,5.253,14.842,0,8.845,3,37.489,1.246,0,0,ST2C7,after,ST2C7F,control
C05V1,female,57.83,NA,NA,NA,0,0,10.996,15.924,22.496,0,7.744,0,0,1,ST2C7,after,ST2C7F,control
C05V1,female,57.83,NA,NA,NA,0,0,1.748,9.246,3.001,16.244,7.752,18.909,0,2,ST2C7,after,ST2C7F,control
C05V1,female,66.09,NA,NA,NA,0.752,0,0,9.746,0,21.484,0,33.958,0,3,ST2C7,after,ST2C7F,control
C05V1,female,57.83,NA,NA,NA,7.249,0,0,2.494,0,17.953,0,36.245,0,4,ST2C7,after,ST2C7F,control
C05V1,female,57.83,NA,NA,NA,0,0,0,2.247,0,28.734,0,26.365,0,5,ST2C7,after,ST2C7F,control
C05V1,female,57.83,NA,NA,NA,8.657,0,0,6.499,0,20.735,0,30.314,0,6,ST2C7,after,ST2C7F,control
C05V1,female,66.09,NA,NA,NA,0,0,0,3.505,0,22.887,0,39.402,2,7,ST2C7,after,ST2C7F,control
C05V1,female,57.83,NA,NA,NA,25.399,0,0,2.999,0,8.745,15.905,29.421,0,8,ST2C7,after,ST2C7F,control
C05V1,female,57.83,NA,NA,NA,17.249,0,0,1,0,17.239,1.248,38.071,0,9,ST2C7,after,ST2C7F,control
C05V1,female,3.77,NA,NA,NA,0,0,0,1.611,0,1.652,0,0,0,10,ST2C7,after,ST2C7F,control
C05V1,male,66.16,0,0,8.6,0,4.501,17.907,6.001,15.354,13.745,10.495,2.25,1,0,ST2C7,after,ST2C7M,control
C05V1,male,57.83,0,0,24.682,0,0,17.243,11.93,24.147,0,4.244,0,0,1,ST2C7,after,ST2C7M,control
C05V1,male,57.83,0,0,16.258,0,0,2.927,11.152,5.501,21.24,0,16.752,0,2,ST2C7,after,ST2C7M,control
C05V1,male,66.09,0,0,37.753,0,0,1.655,10.493,0,29.913,0,23.734,0,3,ST2C7,after,ST2C7M,control
C05V1,male,57.83,0,0,30.753,0,0,5.248,2.249,0.75,16.997,1.249,30.866,0,4,ST2C7,after,ST2C7M,control
C05V1,male,57.83,2.247,2,19.245,0,0,0,1.752,0,35.895,0,19.903,0,5,ST2C7,after,ST2C7M,control
C05V1,male,57.83,0,0,9.749,0,0,0,10.073,0,25.48,0,22.003,0,6,ST2C7,after,ST2C7M,control
C05V1,male,66.09,1.001,2,15.251,0,0,0,3.998,1.616,31.069,0.503,28.24,0,7,ST2C7,after,ST2C7M,control
C05V1,male,57.83,0,0,9.176,0,0,0,6.736,0,17.155,0,33.669,0,8,ST2C7,after,ST2C7M,control
C05V1,male,57.83,0,0,6,2.249,0,4.002,0,7.737,16.995,11.004,17.213,0,9,ST2C7,after,ST2C7M,control
C05V1,male,3.77,0,0,0.75,0,0,0,0,0,3.268,0,0,0,10,ST2C7,after,ST2C7M,control
C05V2,female,66.16,NA,NA,NA,0,0,2.746,21.999,1.999,20.994,1.503,16.485,0,0,ST2C7,before,ST2C7F,control
C05V2,female,57.83,NA,NA,NA,0,0,0,19.457,0,23.633,0,14.245,0,1,ST2C7,before,ST2C7F,control
C05V2,female,57.83,NA,NA,NA,16.749,0,6.25,1.902,4.744,3.495,29.459,11.499,0,2,ST2C7,before,ST2C7F,control
C05V2,female,66.09,NA,NA,NA,9.001,0,0,5.997,0,22.231,7.249,29.697,0,3,ST2C7,before,ST2C7F,control
C05V2,female,57.83,NA,NA,NA,7.999,0,0,8.991,0,23.762,0,24.101,0,4,ST2C7,before,ST2C7F,control
C05V2,female,57.83,NA,NA,NA,21.502,0,0,0.496,0,11.015,4.745,41.299,0,5,ST2C7,before,ST2C7F,control
C05V2,female,57.83,NA,NA,NA,5.103,0,1.5,8.152,5.743,11.235,20.989,9.751,0,6,ST2C7,before,ST2C7F,control
C05V2,female,66.09,NA,NA,NA,9.917,0,7.249,0,23.478,0,32.573,1.749,0,7,ST2C7,before,ST2C7F,control
C05V2,female,57.83,NA,NA,NA,0,2.498,18.61,8.248,12.332,4.745,10.9,2.746,0,8,ST2C7,before,ST2C7F,control
C05V2,female,57.83,NA,NA,NA,6.253,0,4.501,2.002,10.983,5.05,21.652,13.082,0,9,ST2C7,before,ST2C7F,control
C05V2,female,10.24,NA,NA,NA,0,0,0,0,0,0,4.615,5.151,0,10,ST2C7,before,ST2C7F,control
C05V2,male,66.16,0,0,0,0,0,7.245,54.961,0,3.652,0,0,1,0,ST2C7,before,ST2C7M,control
C05V2,male,57.83,0,0,0,0,0,32.498,25.066,0,0,0,0,0,1,ST2C7,before,ST2C7M,control
C05V2,male,57.83,0,0,8.717,0,0,36.651,12.749,3.556,0,4.587,0,0,2,ST2C7,before,ST2C7M,control
C05V2,male,66.09,1.742,2,28.926,0,3,1.247,11,2.75,20.547,12.901,17.373,0,3,ST2C7,before,ST2C7M,control
C05V2,male,57.83,0,0,39.218,0,0,0,13.749,0,23.651,0,20.151,0,4,ST2C7,before,ST2C7M,control
C05V2,male,57.83,1.504,1,19.254,0,0,0,3.746,3.216,25.992,0.752,23.243,0,5,ST2C7,before,ST2C7M,control
C05V2,male,57.83,0,0,15.749,0,0,0,5.007,12.37,14.485,12.995,12.494,0,6,ST2C7,before,ST2C7M,control
C05V2,male,66.09,1.498,1,16.497,0,0,8.25,11.244,16.246,1.504,24.212,3.994,0,7,ST2C7,before,ST2C7M,control
C05V2,male,57.83,0,0,2.998,0,1.75,27.169,1.999,8.248,4.747,12.903,2.496,0,8,ST2C7,before,ST2C7M,control
C05V2,male,57.83,0,0,0,0,0,4.404,16.213,0,17.984,0,18.74,0,9,ST2C7,before,ST2C7M,control
C05V2,male,10.24,0,0,0,0,0,0,3.252,0,5.145,1.477,0,0,10,ST2C7,before,ST2C7M,control
C06V1,female,66.73,NA,NA,NA,4.504,17.24,0,0,0,0.499,25.999,39.763,0,0,ST2AC1,after,ST2AC1F,alarm
C06V1,female,58.33,NA,NA,NA,0.252,3.499,0,0,0.553,0,29.109,28.393,0,1,ST2AC1,after,ST2AC1F,alarm
C06V1,female,58.33,NA,NA,NA,0,0,0,0,7.667,0,50.396,0,0,2,ST2AC1,after,ST2AC1F,alarm
C06V1,female,58.33,NA,NA,NA,0,0,0,0,11.998,4.249,28.39,13.211,0,3,ST2AC1,after,ST2AC1F,alarm
C06V1,female,58.33,NA,NA,NA,3.255,0,0,0,10.5,0,45.208,2.152,0,4,ST2AC1,after,ST2AC1F,alarm
C06V1,female,66.67,NA,NA,NA,0,0,0,0,16.641,0,49.608,0,0,5,ST2AC1,after,ST2AC1F,alarm
C06V1,female,58.33,NA,NA,NA,2.25,0,0,0,4.101,0,41.039,12.75,0,6,ST2AC1,after,ST2AC1F,alarm
C06V1,female,58.33,NA,NA,NA,0.747,0,0,0,15.985,4.499,31.624,5.745,0,7,ST2AC1,after,ST2AC1F,alarm
C06V1,female,58.33,NA,NA,NA,5.999,0,0,0,0,9.495,22.151,26.416,0,8,ST2AC1,after,ST2AC1F,alarm
C06V1,female,58.33,NA,NA,NA,0,0,0,0,0,8.342,16.493,32.806,0,9,ST2AC1,after,ST2AC1F,alarm
C06V1,female,19.3,NA,NA,NA,0,0,0,0,0,2.504,0,15.946,0,10,ST2AC1,after,ST2AC1F,alarm
C06V1,male,66.73,0,0,2.248,0,1.997,0,0,0,0,30.905,35.341,0,0,ST2AC1,after,ST2AC1M,alarm
C06V1,male,58.33,0,0,0,0,0,0,0,0.261,0,30.848,21.905,0,1,ST2AC1,after,ST2AC1M,alarm
C06V1,male,58.33,0,0,1.501,0,0,0,0.749,3.901,14.741,27.245,11.217,0,2,ST2AC1,after,ST2AC1M,alarm
C06V1,male,58.33,1.465,1,4.246,0,0,3.248,6.248,4.997,17.104,9,17.47,2,3,ST2AC1,after,ST2AC1M,alarm
C06V1,male,58.33,0,0,51.477,0,3.746,0,0,8.498,0,46.712,2.654,0,4,ST2AC1,after,ST2AC1M,alarm
C06V1,male,66.67,0.749,1,37.257,0,0,0,0,3.746,0,62.513,0,0,5,ST2AC1,after,ST2AC1M,alarm
C06V1,male,58.33,0,0,8.009,0,0,0,0,0,0,44.092,13.992,2,6,ST2AC1,after,ST2AC1M,alarm
C06V1,male,58.33,0,0,17,0,0,2.25,0,10.494,3.743,33.82,7.748,0,7,ST2AC1,after,ST2AC1M,alarm
C06V1,male,58.33,0,0,9.372,0,1.751,0,0,0,0,35.314,22.745,0,8,ST2AC1,after,ST2AC1M,alarm
C06V1,male,58.33,0,0,3,0,0,0,0,0,0,27.86,28.759,0,9,ST2AC1,after,ST2AC1M,alarm
C06V1,male,19.3,0,0,3.503,0,0,0,0,0,0.25,0,18.628,0,10,ST2AC1,after,ST2AC1M,alarm
C06V2,female,66.73,NA,NA,NA,2.25,0,7.992,21.4,6.492,13.368,6.753,10.241,0,0,ST2AC1,before,ST2AC1F,alarm
C06V2,female,58.33,NA,NA,NA,1.002,0,5.497,0,16.997,6.651,22.42,6.496,0,1,ST2AC1,before,ST2AC1F,alarm
C06V2,female,58.33,NA,NA,NA,1.003,0,7.756,2.999,17.728,3.495,24.319,1.748,0,2,ST2AC1,before,ST2AC1F,alarm
C06V2,female,58.33,NA,NA,NA,0,0,36.299,0,15.339,0,6.402,0,0,3,ST2AC1,before,ST2AC1F,alarm
C06V2,female,58.33,NA,NA,NA,0,0,23.653,0,17.65,0,16.744,0,0,4,ST2AC1,before,ST2AC1F,alarm
C06V2,female,66.67,NA,NA,NA,0,0,19.625,2.71,26.154,0,17.815,0,0,5,ST2AC1,before,ST2AC1F,alarm
C06V2,female,58.33,NA,NA,NA,0,3.243,17.5,40.574,0,0,0,0,0,6,ST2AC1,before,ST2AC1F,alarm
C06V2,female,58.33,NA,NA,NA,0.5,0,1.753,23.152,4.995,6.992,0,21.175,0,7,ST2AC1,before,ST2AC1F,alarm
C06V2,female,58.33,NA,NA,NA,2.996,0,0.5,15.24,4.497,10.749,8.5,18.567,0,8,ST2AC1,before,ST2AC1F,alarm
C06V2,female,58.33,NA,NA,NA,0,0.996,31.43,0,1.748,4.749,7.753,12.397,0,9,ST2AC1,before,ST2AC1F,alarm
C06V2,female,15.77,NA,NA,NA,0,0,1.653,0,2.997,0,10.615,0,0,10,ST2AC1,before,ST2AC1F,alarm
C06V2,male,66.73,0,0,37.617,0,0,10.988,23.5,7.003,9.96,2.998,11.002,0,0,ST2AC1,before,ST2AC1M,alarm
C06V2,male,58.33,1.744,2,45.717,0,0,2.743,0,16.058,8.249,22.079,8.247,0,1,ST2AC1,before,ST2AC1M,alarm
C06V2,male,58.33,3.247,3,47.386,0,0,0.999,0.497,20.486,4.75,28.314,1.752,0,2,ST2AC1,before,ST2AC1M,alarm
C06V2,male,58.33,0,0,51.424,0,0,34.96,0,16.502,0,6.399,0,0,3,ST2AC1,before,ST2AC1M,alarm
C06V2,male,58.33,0,0,32.746,0,0,26.923,4.495,14.624,0,11.994,0,0,4,ST2AC1,before,ST2AC1M,alarm
C06V2,male,66.67,0,0,48.358,0,0,18.553,3.249,27.986,0,16.493,0,0,5,ST2AC1,before,ST2AC1M,alarm
C06V2,male,58.33,0,0,27.966,0,0,25.637,15.5,12.998,3.913,0,0,0,6,ST2AC1,before,ST2AC1M,alarm
C06V2,male,58.33,1.998,2,17.886,0,0,3.999,7.5,7.493,17.396,6.252,15.414,0,7,ST2AC1,before,ST2AC1M,alarm
C06V2,male,58.33,5.999,2,35.248,0.75,0,0.253,5.993,2.998,15.747,10.998,22.067,0,8,ST2AC1,before,ST2AC1M,alarm
C06V2,male,58.33,8.248,2,15.676,0,0,5.997,0,12.959,1.747,12.498,24.646,0,9,ST2AC1,before,ST2AC1M,alarm
C06V2,male,15.77,0,0,3.999,0,0,0,0,3.153,0,12.218,0,0,10,ST2AC1,before,ST2AC1M,alarm
C07V1,female,66.73,NA,NA,NA,2.253,0,0,20.46,0,11.497,0,34.402,0,0,ST2AC4,before,ST2AC4F,alarm
C07V1,female,58.33,NA,NA,NA,0,0,23.499,32.365,0,1.999,0,0,0,1,ST2AC4,before,ST2AC4F,alarm
C07V1,female,58.33,NA,NA,NA,3,0,2.999,26.924,0,13.151,0,14.997,0,2,ST2AC4,before,ST2AC4F,alarm
C07V1,female,58.33,NA,NA,NA,28.245,0,0,9.653,0,3.498,0,44.712,0,3,ST2AC4,before,ST2AC4F,alarm
C07V1,female,58.33,NA,NA,NA,11.246,0,0,0,0,0,0,58.015,0,4,ST2AC4,before,ST2AC4F,alarm
C07V1,female,66.67,NA,NA,NA,44.356,0,3.499,0.998,1.998,1.749,14.252,43.761,0,5,ST2AC4,before,ST2AC4F,alarm
C07V1,female,58.33,NA,NA,NA,31.716,0,3.497,0,1.251,0.751,0,52.365,0,6,ST2AC4,before,ST2AC4F,alarm
C07V1,female,58.33,NA,NA,NA,42.72,0,0,0,0,0,13.219,44.652,0,7,ST2AC4,before,ST2AC4F,alarm
C07V1,female,58.33,NA,NA,NA,11.75,0,2.248,11.504,0.496,2,24.577,17.247,0,8,ST2AC4,before,ST2AC4F,alarm
C07V1,female,58.33,NA,NA,NA,0,0,35.673,0,6.252,0,16.147,0,0,9,ST2AC4,before,ST2AC4F,alarm
C07V1,female,43.17,NA,NA,NA,7.003,0,3.151,11.751,0.499,7.001,0.746,18.904,0,10,ST2AC4,before,ST2AC4F,alarm
C07V1,male,66.73,2,1,42.714,0,2.499,0,19.5,0,13.704,0,33.152,1,0,ST2AC4,before,ST2AC4M,alarm
C07V1,male,58.33,11.924,3,43.241,0,0,23,34.866,0,0,0,0,0,1,ST2AC4,before,ST2AC4M,alarm
C07V1,male,58.33,8.505,2,26.419,0,0,2.997,22.912,0,18.148,0,13.999,0,2,ST2AC4,before,ST2AC4M,alarm
C07V1,male,58.33,0,0,1.251,3.006,0,14.496,24.655,0,2.747,0,16.168,0,3,ST2AC4,before,ST2AC4M,alarm
C07V1,male,58.33,0.751,1,1.5,14.498,0,0,0,0,3.749,4.999,49.331,0,4,ST2AC4,before,ST2AC4M,alarm
C07V1,male,66.67,11.747,3,1.249,0,0,4.001,19.116,0,6.749,0,36.395,0,5,ST2AC4,before,ST2AC4M,alarm
C07V1,male,58.33,1.246,1,0,0,0,0.997,41.57,0,14.997,0,0.497,0,6,ST2AC4,before,ST2AC4M,alarm
C07V1,male,58.33,3.249,1,4.251,24.975,0,0,3.15,0,7.001,0,47.717,0,7,ST2AC4,before,ST2AC4M,alarm
C07V1,male,58.33,1.002,1,0,12.249,0,0,11.421,0,19.744,2.751,24.147,0,8,ST2AC4,before,ST2AC4M,alarm
C07V1,male,58.33,0,0,0,7.419,0,0,31.399,0,12.246,0,14.428,0,9,ST2AC4,before,ST2AC4M,alarm
C07V1,male,43.17,0,0,0,19.753,0,0,0,0,8.748,0,34.092,0,10,ST2AC4,before,ST2AC4M,alarm
C07V2,female,66.73,NA,NA,NA,1.753,0.75,10.242,8,6.992,17.867,1.251,11.746,0,0,ST2AC4,after,ST2AC4F,alarm
C07V2,female,58.33,NA,NA,NA,12.756,0,0,0,0,4.654,43.908,9.501,0,1,ST2AC4,after,ST2AC4F,alarm
C07V2,female,58.33,NA,NA,NA,3.253,0,4.249,0,4.251,0,48.464,0,0,2,ST2AC4,after,ST2AC4F,alarm
C07V2,female,58.33,NA,NA,NA,3.938,0,3.999,5.999,4.902,0.996,36.433,5.746,0,3,ST2AC4,after,ST2AC4F,alarm
C07V2,female,58.33,NA,NA,NA,11.228,0,0,0,9.003,0,39.123,9.747,0,4,ST2AC4,after,ST2AC4F,alarm
C07V2,female,66.67,NA,NA,NA,3.248,0,22.744,0,11.995,0,31.513,0,0,5,ST2AC4,after,ST2AC4F,alarm
C07V2,female,58.33,NA,NA,NA,1.498,0,14.494,0,13.003,0,30.577,0,0,6,ST2AC4,after,ST2AC4F,alarm
C07V2,female,58.33,NA,NA,NA,0,1.111,27.251,0,20.418,0,10.004,0,0,7,ST2AC4,after,ST2AC4F,alarm
C07V2,female,58.33,NA,NA,NA,15.592,0,0,0,6.404,0,17.745,33.649,0,8,ST2AC4,after,ST2AC4F,alarm
C07V2,female,58.33,NA,NA,NA,14.75,0,1.249,0,3.499,0,32.965,20.154,0,9,ST2AC4,after,ST2AC4F,alarm
C07V2,female,36.93,NA,NA,NA,2.499,0,3.756,0,13.072,0,19.746,0,0,10,ST2AC4,after,ST2AC4F,alarm
C07V2,male,66.73,3.495,2,4.756,0,5.247,10.254,3.999,11.495,35.767,0,4.747,1,0,ST2AC4,after,ST2AC4M,alarm
C07V2,male,58.33,0.501,1,2.751,20.172,0,0,0,0,9.154,22.748,26.171,1,1,ST2AC4,after,ST2AC4M,alarm
C07V2,male,58.33,2.503,3,2.752,9.511,0,0,0,5.753,0,52.318,0,1,2,ST2AC4,after,ST2AC4M,alarm
C07V2,male,58.33,3.251,1,25.161,0,1.246,5.749,5.749,2.751,2.497,34.557,6.745,4,3,ST2AC4,after,ST2AC4M,alarm
C07V2,male,58.33,9.253,4,9.496,0,0,0,0,7.746,0,32.369,17.744,0,4,ST2AC4,after,ST2AC4M,alarm
C07V2,male,66.67,1.502,1,0,19.36,0,1.75,5.752,16.49,5.244,34.515,2.499,0,5,ST2AC4,after,ST2AC4M,alarm
C07V2,male,58.33,0,0,18.246,2.503,0,14.306,0.621,14.496,0.999,25.651,1.998,0,6,ST2AC4,after,ST2AC4M,alarm
C07V2,male,58.33,7.604,5,9.75,0,0,29.999,5.649,17.7,0,4.502,0,0,7,ST2AC4,after,ST2AC4M,alarm
C07V2,male,58.33,1.251,1,7.501,0.753,0,16.421,0,23.144,0,13.243,5.252,0,8,ST2AC4,after,ST2AC4M,alarm
C07V2,male,58.33,0,0,0,13.748,0,5.899,0,10.24,0,41.716,0,0,9,ST2AC4,after,ST2AC4M,alarm
C07V2,male,36.93,0,0,7.504,4,0,9.247,0,10.363,0,16.899,0,0,10,ST2AC4,after,ST2AC4M,alarm
C08V1,female,66.73,NA,NA,NA,0,0,42.24,16.87,4.249,0,0,2.504,0,0,ST2C13,before,ST2C13F,control
C08V1,female,58.33,NA,NA,NA,0,0,15.747,42.124,0,0,0,0,0,1,ST2C13,before,ST2C13F,control
C08V1,female,58.33,NA,NA,NA,0,0,16.243,39.07,1.249,1.496,0,0,0,2,ST2C13,before,ST2C13F,control
C08V1,female,58.33,NA,NA,NA,0,1.248,28.25,19.899,3.993,0.752,0,5.179,0,3,ST2C13,before,ST2C13F,control
C08V1,female,58.33,NA,NA,NA,0,2.499,33.66,3.501,14.502,2.996,0,3.398,0,4,ST2C13,before,ST2C13F,control
C08V1,female,66.67,NA,NA,NA,0,0,17.128,45.998,0,2.494,0,0,0,5,ST2C13,before,ST2C13F,control
C08V1,female,58.33,NA,NA,NA,0,4.247,40.901,2.91,8.988,5.08,0,0,0,6,ST2C13,before,ST2C13F,control
C08V1,female,58.33,NA,NA,NA,3.249,0,6.918,0,1.749,2.15,19.495,27.752,1,7,ST2C13,before,ST2C13F,control
C08V1,female,58.33,NA,NA,NA,0,6.498,11.649,13.5,14.496,2.748,8.996,6.666,0,8,ST2C13,before,ST2C13F,control
C08V1,female,58.33,NA,NA,NA,12.5,0,1.249,0.97,5.998,14.746,0,34.901,0,9,ST2C13,before,ST2C13F,control
C08V1,female,2.53,NA,NA,NA,0,0,0,0.62,0,1.364,0,0,0,10,ST2C13,before,ST2C13F,control
C08V1,male,66.73,7.499,4,6.215,0,0,43.901,19.863,2.498,0,0,0,1,0,ST2C13,before,ST2C13M,control
C08V1,male,58.33,0,0,11.496,0,0,32.244,25.815,0,0,0,0,0,1,ST2C13,before,ST2C13M,control
C08V1,male,58.33,0,0,9.997,0,0,22.246,32.363,2,1.249,0,0,0,2,ST2C13,before,ST2C13M,control
C08V1,male,58.33,0,0,14.749,0,0,23.244,8.652,10.989,0.001,6.997,8.169,1,3,ST2C13,before,ST2C13M,control
C08V1,male,58.33,4.504,3,1.247,0,0,21.214,0.998,28.995,4.501,0.997,1.153,0,4,ST2C13,before,ST2C13M,control
C08V1,male,66.67,0,0,2.248,0,0,0.902,13.666,7.749,18.735,15.746,9.496,0,5,ST2C13,before,ST2C13M,control
C08V1,male,58.33,1.502,1,1.749,0,0,14.998,16.4,1.253,22.901,0,2.501,0,6,ST2C13,before,ST2C13M,control
C08V1,male,58.33,4.428,2,8.254,0,0.573,5.627,0,0.498,2.401,10.744,38.752,0,7,ST2C13,before,ST2C13M,control
C08V1,male,58.33,0.75,1,11.252,0,0,12.138,6.004,22.5,4.999,3.632,8.811,0,8,ST2C13,before,ST2C13M,control
C08V1,male,58.33,0,0,0,0,0,0,1.25,2.75,29.915,2.399,21.746,0,9,ST2C13,before,ST2C13M,control
C08V1,male,2.53,0,0,0,0,0,0,0,0,2.019,0,0,0,10,ST2C13,before,ST2C13M,control
C08V2,female,66.73,NA,NA,NA,0,0,0,14.553,3.899,32.645,9.492,5.747,0,0,ST2C13,after,ST2C13F,control
C08V2,female,58.33,NA,NA,NA,0,9.502,28.747,1.499,20.9,3.904,2.842,0,0,1,ST2C13,after,ST2C13F,control
C08V2,female,58.33,NA,NA,NA,13.495,0,0,10.963,0,16.247,6.404,24.248,0,2,ST2C13,after,ST2C13F,control
C08V2,female,58.33,NA,NA,NA,21.507,1.499,1.749,8.654,4.997,6.495,0,36.126,0,3,ST2C13,after,ST2C13F,control
C08V2,female,58.33,NA,NA,NA,30.756,0,0,0,0.999,1.497,7.002,48.566,0,4,ST2C13,after,ST2C13F,control
C08V2,female,66.67,NA,NA,NA,5,0,0,1.999,2.249,32.963,0,29.151,0,5,ST2C13,after,ST2C13F,control
C08V2,female,58.33,NA,NA,NA,6.004,0,0,3.749,0,11.495,10.749,31.174,0,6,ST2C13,after,ST2C13F,control
C08V2,female,58.33,NA,NA,NA,1.255,0,0,0.253,0,19.245,0,38.359,0,7,ST2C13,after,ST2C13F,control
C08V2,female,58.33,NA,NA,NA,2.749,0,0,0,0,3.466,1.249,53.151,0,8,ST2C13,after,ST2C13F,control
C08V2,female,58.33,NA,NA,NA,0,0,0,0,9.248,12.651,14.249,21.721,0,9,ST2C13,after,ST2C13F,control
C08V2,female,5.1,NA,NA,NA,0,0,0,0,0,0,0,4.83,0,10,ST2C13,after,ST2C13F,control
C08V2,male,66.73,0.751,1,9.491,0,0,0,0.249,5.002,42.643,5.24,13.083,0,0,ST2C13,after,ST2C13M,control
C08V2,male,58.33,0,0,0,0,0,0,2.991,8.224,28.746,0,17.892,1,1,ST2C13,after,ST2C13M,control
C08V2,male,58.33,0,0,11.253,2.5,0,0,9.161,0.152,12.996,9.497,26.244,0,2,ST2C13,after,ST2C13M,control
C08V2,male,58.33,0.746,1,0.997,3.248,0,0,15.649,0,8.506,0,33.903,0,3,ST2C13,after,ST2C13M,control
C08V2,male,58.33,0,0,0,0.497,0,0,1.744,0,20.657,0,35.657,0,4,ST2C13,after,ST2C13M,control
C08V2,male,66.67,0,0,5.366,2.997,0,0,0,0,41.114,2.998,22.239,0,5,ST2C13,after,ST2C13M,control
C08V2,male,58.33,1.499,1,18,5.25,0,0,0,0,18.652,0.499,38.909,0,6,ST2C13,after,ST2C13M,control
C08V2,male,58.33,0,0,17.21,0,0,0,0.998,0,17.991,0,39.072,0,7,ST2C13,after,ST2C13M,control
C08V2,male,58.33,0,0,23.5,0.996,0,0,0,0,5.997,2.496,49.519,0,8,ST2C13,after,ST2C13M,control
C08V2,male,58.33,4.5,2,5.251,0,0,0,4.249,4.001,17.331,6.74,25.743,0,9,ST2C13,after,ST2C13M,control
C08V2,male,5.1,0,0,0,0,0,0,0,0,0,0,4.612,0,10,ST2C13,after,ST2C13M,control
C09V1,female,66.73,NA,NA,NA,0,0,7.499,26.867,6.245,6.741,10.749,8.157,0,0,ST2AC5,before,ST2AC5F,alarm
C09V1,female,58.33,NA,NA,NA,2.499,0,2.748,28.463,8.248,8.564,0,10.002,0,1,ST2AC5,before,ST2AC5F,alarm
C09V1,female,58.33,NA,NA,NA,0,0,22.711,19.25,0.5,8.896,0,6.499,0,2,ST2AC5,before,ST2AC5F,alarm
C09V1,female,58.33,NA,NA,NA,0,0,23.903,24.746,0,1.999,0,7.22,0,3,ST2AC5,before,ST2AC5F,alarm
C09V1,female,58.33,NA,NA,NA,5.25,0,0,0,1.75,9.256,6.997,40.056,0,4,ST2AC5,before,ST2AC5F,alarm
C09V1,female,66.67,NA,NA,NA,0,0,0,0,0.751,15.896,0,49.713,0,5,ST2AC5,before,ST2AC5F,alarm
C09V1,female,58.33,NA,NA,NA,20.253,0,0,0,0,4.456,11.5,41.901,0,6,ST2AC5,before,ST2AC5F,alarm
C09V1,female,58.33,NA,NA,NA,2.247,0,1.5,0,12.421,1.901,17.493,24.748,0,7,ST2AC5,before,ST2AC5F,alarm
C09V1,female,58.33,NA,NA,NA,0,0,0,0,18.134,0,39.707,0,0,8,ST2AC5,before,ST2AC5F,alarm
C09V1,female,58.33,NA,NA,NA,0,0,1.25,0.75,5.884,10.996,30.177,8.997,1,9,ST2AC5,before,ST2AC5F,alarm
C09V1,female,3.5,NA,NA,NA,0,0,0,0,0,0,0.9,2.11,0,10,ST2AC5,before,ST2AC5F,alarm
C09V1,male,66.73,0,0,0,0,0,10.255,22.121,12.744,18.885,0,2.251,0,0,ST2AC5,before,ST2AC5M,alarm
C09V1,male,58.33,0,0,0,0,3.501,0,44.118,0,13.744,0,0,0,1,ST2AC5,before,ST2AC5M,alarm
C09V1,male,58.33,0,0,0,0,0,23.749,31.324,0,2.999,0,0,0,2,ST2AC5,before,ST2AC5M,alarm
C09V1,male,58.33,0,0,0.588,0,2,12.004,37.647,0,1.499,0,6.713,0,3,ST2AC5,before,ST2AC5M,alarm
C09V1,male,58.33,0.496,1,10.5,0,0,0.5,0,2.744,20.711,4.248,29.646,0,4,ST2AC5,before,ST2AC5M,alarm
C09V1,male,66.67,0.5,1,26.246,0,0,0,2.903,0,9.248,6.748,47.35,0,5,ST2AC5,before,ST2AC5M,alarm
C09V1,male,58.33,1.001,2,1.499,0,0,0,0,1,13.437,17.395,26.243,0,6,ST2AC5,before,ST2AC5M,alarm
C09V1,male,58.33,2.748,2,7.173,0,0,1.751,0,14.401,2.747,21.245,17.498,0,7,ST2AC5,before,ST2AC5M,alarm
C09V1,male,58.33,0,0,21.756,0,0,0.999,0,14.712,1.35,32.746,7.993,0,8,ST2AC5,before,ST2AC5M,alarm
C09V1,male,58.33,0,0,18.428,3.002,0,2.995,0.498,3.247,16.9,16.672,17.747,0,9,ST2AC5,before,ST2AC5M,alarm
C09V1,male,3.5,0,0,0,0,0,0,0,0,0,1.153,1.965,0,10,ST2AC5,before,ST2AC5M,alarm
C09V2,female,66.73,NA,NA,NA,0,66.132,0,0,0,0,66.132,0,0,0,ST2AC5,after,ST2AC5F,alarm
C09V2,female,58.33,NA,NA,NA,0,58.1,0,0,0,0,58.1,0,0,1,ST2AC5,after,ST2AC5F,alarm
C09V2,female,58.33,NA,NA,NA,0,58.1,0,0,0,0,58.1,0,0,2,ST2AC5,after,ST2AC5F,alarm
C09V2,female,58.33,NA,NA,NA,0,57.808,0,0,0,0,57.808,0,0,3,ST2AC5,after,ST2AC5F,alarm
C09V2,female,58.33,NA,NA,NA,0.5,15.153,0,0,0,0,58.077,0,0,4,ST2AC5,after,ST2AC5F,alarm
C09V2,female,66.67,NA,NA,NA,26.61,2.001,0,0,0,0,66.272,0,0,5,ST2AC5,after,ST2AC5F,alarm
C09V2,female,58.33,NA,NA,NA,23.424,0,0,0,0,0,25.403,32.672,0,6,ST2AC5,after,ST2AC5F,alarm
C09V2,female,58.33,NA,NA,NA,17.749,0,0,0,0,0,36.228,21.654,0,7,ST2AC5,after,ST2AC5F,alarm
C09V2,female,58.33,NA,NA,NA,13.672,0,0,0,0,0,32.652,25.419,0,8,ST2AC5,after,ST2AC5F,alarm
C09V2,female,58.33,NA,NA,NA,34.414,0,0,0,0,0,0,58.074,0,9,ST2AC5,after,ST2AC5F,alarm
C09V2,female,66.67,NA,NA,NA,13.155,13.999,0,0,0,0,0,66.266,0,10,ST2AC5,after,ST2AC5F,alarm
C09V2,male,66.73,0,0,0,0,66.272,0,0,0,0,0,66.272,0,0,ST2AC5,after,ST2AC5M,alarm
C09V2,male,58.33,0,0,0,0,57.328,0,0,0,0,0,58.082,0,1,ST2AC5,after,ST2AC5M,alarm
C09V2,male,58.33,0,0,0,0,56.902,0,0,0,0,0,58.077,0,2,ST2AC5,after,ST2AC5M,alarm
C09V2,male,58.33,0,0,0,0,1.002,0,0,0,0,23.999,34.074,0,3,ST2AC5,after,ST2AC5M,alarm
C09V2,male,58.33,4.498,2,0.753,0,0,0,0,0,0,44.921,13.154,2,4,ST2AC5,after,ST2AC5M,alarm
C09V2,male,66.67,17.503,4,3.998,0,12.75,0,0,0,0,66.266,0,0,5,ST2AC5,after,ST2AC5M,alarm
C09V2,male,58.33,9.246,3,11.251,4.173,2.5,0,0,0,0,41.899,16.171,0,6,ST2AC5,after,ST2AC5M,alarm
C09V2,male,58.33,3.502,3,0,4.247,0,0,0,1.5,6.439,22.743,24.15,0,7,ST2AC5,after,ST2AC5M,alarm
C09V2,male,58.33,4.249,3,0,10.711,0,0,0,5.5,0,50.372,1.993,0,8,ST2AC5,after,ST2AC5M,alarm
C09V2,male,58.33,0,0,0.75,12.429,0,0,0,0,0,8.402,49.678,0,9,ST2AC5,after,ST2AC5M,alarm
C09V2,male,66.67,3.621,2,0.753,20.251,0.499,0,0,0,0,8.245,58.015,1,10,ST2AC5,after,ST2AC5M,alarm
C10V1,female,66.73,NA,NA,NA,0,0,19.247,39.508,0,4.496,0,3.001,0,0,ST2C1,before,ST2C1F,control
C10V1,female,58.33,NA,NA,NA,0,0,16.495,28.99,0,11.654,0,0.947,0,1,ST2C1,before,ST2C1F,control
C10V1,female,58.33,NA,NA,NA,0,0,12.499,34.495,2.497,2.249,1.924,4.402,0,2,ST2C1,before,ST2C1F,control
C10V1,female,58.33,NA,NA,NA,5.002,0,3.503,24.246,1.149,4.748,3.421,20.996,0,3,ST2C1,before,ST2C1F,control
C10V1,female,58.33,NA,NA,NA,1.25,0,15.747,5.75,4.247,1.913,19.897,10.249,0,4,ST2C1,before,ST2C1F,control
C10V1,female,66.67,NA,NA,NA,21.001,0,0,5.494,0,9.395,2.227,49.248,0,5,ST2C1,before,ST2C1F,control
C10V1,female,58.33,NA,NA,NA,11.749,0,0,4.167,0,8.497,0,45.398,0,6,ST2C1,before,ST2C1F,control
C10V1,female,58.33,NA,NA,NA,1.5,0,11,3.37,1.997,1.999,23.745,15.749,0,7,ST2C1,before,ST2C1F,control
C10V1,female,58.33,NA,NA,NA,5.444,0,9.746,3.653,6.497,1.496,28.686,8,0,8,ST2C1,before,ST2C1F,control
C10V1,female,58.33,NA,NA,NA,4.676,0,25.738,2.999,6.747,2.998,17.084,2.498,0,9,ST2C1,before,ST2C1F,control
C10V1,female,41.6,NA,NA,NA,0,0,18.739,14.163,3.753,0.498,2.404,1.747,0,10,ST2C1,before,ST2C1F,control
C10V1,male,66.73,0,0,2.25,0,0,26.988,26.89,7.655,4.252,0,0.499,0,0,ST2C1,before,ST2C1M,control
C10V1,male,58.33,0,0,4.248,0.253,0,17.668,15.14,9.233,6.501,5.752,2.748,1,1,ST2C1,before,ST2C1M,control
C10V1,male,58.33,0,0,1.002,0,0,20.39,17.748,6.065,4.746,4.847,3.249,0,2,ST2C1,before,ST2C1M,control
C10V1,male,58.33,0,0,6.068,2.002,0,7.249,6.753,7.734,5.731,11.072,19.496,0,3,ST2C1,before,ST2C1M,control
C10V1,male,58.33,0,0,2.002,0,0,25.903,2.245,10.234,1.252,15.148,3.244,0,4,ST2C1,before,ST2C1M,control
C10V1,male,66.67,0,0,15.121,3.999,0,2.654,6.495,1.246,8.749,5.968,41.234,0,5,ST2C1,before,ST2C1M,control
C10V1,male,58.33,0,0,21.25,9.749,0,0,3.748,0,6.467,0,47.652,0,6,ST2C1,before,ST2C1M,control
C10V1,male,58.33,0,0,18.258,3.248,0,10.253,3.678,1.996,3.654,14.998,23.488,0,7,ST2C1,before,ST2C1M,control
C10V1,male,58.33,0,0,13.499,4.245,0,10.24,1.999,7.75,5.643,7.002,25.221,0,8,ST2C1,before,ST2C1M,control
C10V1,male,58.33,0,0,35.015,0.753,0,24.001,6.149,8.733,4.002,15.174,0,0,9,ST2C1,before,ST2C1M,control
C10V1,male,41.6,0,0,11.249,0.497,0,24.964,5.498,4.999,1.249,2.653,1.749,0,10,ST2C1,before,ST2C1M,control
C10V2,female,66.73,NA,NA,NA,0.751,0,18.748,17.297,7.229,7.258,10.503,5.237,0,0,ST2C1,after,ST2C1F,control
C10V2,female,58.33,NA,NA,NA,1.246,0,29.425,1.405,7.241,0.746,13.994,5.251,0,1,ST2C1,after,ST2C1F,control
C10V2,female,58.33,NA,NA,NA,0,0,29.649,0,11.234,0.495,14.75,1.921,0,2,ST2C1,after,ST2C1F,control
C10V2,female,58.33,NA,NA,NA,0,0,1.497,31.997,4.428,10.245,3.499,6.401,0,3,ST2C1,after,ST2C1F,control
C10V2,female,58.33,NA,NA,NA,0,0,13.994,22.166,4.406,9.742,1.246,6.5,0,4,ST2C1,after,ST2C1F,control
C10V2,female,66.67,NA,NA,NA,0,0,14.996,24.618,7.245,10.244,0,9.244,0,5,ST2C1,after,ST2C1F,control
C10V2,female,58.33,NA,NA,NA,1.499,0,12.752,21.647,2.494,8.851,1.75,10.547,0,6,ST2C1,after,ST2C1F,control
C10V2,female,58.33,NA,NA,NA,0,2,7.249,37.501,1.472,11.649,0,0,0,7,ST2C1,after,ST2C1F,control
C10V2,female,58.33,NA,NA,NA,0,0,2.25,36.703,0.902,15.996,0,1.999,0,8,ST2C1,after,ST2C1F,control
C10V2,female,58.33,NA,NA,NA,2.747,2.25,35.999,2.152,3.748,0.271,2.997,11.907,0,9,ST2C1,after,ST2C1F,control
C10V2,female,58.47,NA,NA,NA,5.744,0,14.749,1.613,1.001,0.751,11.501,28.246,0,10,ST2C1,after,ST2C1F,control
C10V2,male,66.73,0,0,12.747,0,0,26.365,11.243,8.983,4.252,8.75,6.741,0,0,ST2C1,after,ST2C1M,control
C10V2,male,58.33,0,0,5.247,0,0,33.112,2.503,13.489,1.75,6.989,0,1,1,ST2C1,after,ST2C1M,control
C10V2,male,58.33,0,0,3,0,0,40.133,0,10.24,0,7.082,0.644,0,2,ST2C1,after,ST2C1M,control
C10V2,male,58.33,0,0,0.751,0,0,15.747,21.754,7.742,6.485,2.612,3.653,0,3,ST2C1,after,ST2C1M,control
C10V2,male,58.33,0,0,0.5,0,0,28.239,1.5,19.622,1.804,4.8,2.066,0,4,ST2C1,after,ST2C1M,control
C10V2,male,66.67,0,0,2.003,0,0,19.245,12.114,15.73,6.394,6.499,6.246,0,5,ST2C1,after,ST2C1M,control
C10V2,male,58.33,0,0,4.253,0,0,3.002,29.595,0.996,13.501,0.748,9.993,0,6,ST2C1,after,ST2C1M,control
C10V2,male,58.33,0,0,0,0,0,3.097,47.478,1.247,5.996,0,0,0,7,ST2C1,after,ST2C1M,control
C10V2,male,58.33,0,0,1.999,0,0,6.999,28.982,0.749,17.585,0,2.959,0,8,ST2C1,after,ST2C1M,control
C10V2,male,58.33,2.748,3,6.253,0,0,29.245,3.212,11.751,1.832,4.992,6.029,0,9,ST2C1,after,ST2C1M,control
C10V2,male,58.47,0,0,5.994,0.5,0,13.969,0.001,7.497,1.248,5.991,29.403,0,10,ST2C1,after,ST2C1M,control
C11V1,female,66.16,NA,NA,NA,17.364,0,0,0,0.498,0.001,41.368,23.896,0,0,ST2AC9,after,ST2AC9F,alarm
C11V1,female,57.83,NA,NA,NA,20.231,0,0,0,1.997,1.96,44.655,8.746,0,1,ST2AC9,after,ST2AC9F,alarm
C11V1,female,57.83,NA,NA,NA,3.746,0,0,0,3,2.902,40.175,11.482,0,2,ST2AC9,after,ST2AC9F,alarm
C11V1,female,66.09,NA,NA,NA,0,0,1.744,0,21.991,0,42.063,0,0,3,ST2AC9,after,ST2AC9F,alarm
C11V1,female,57.83,NA,NA,NA,3.747,0,0,0,12.985,0,44.576,0,0,4,ST2AC9,after,ST2AC9F,alarm
C11V1,female,57.83,NA,NA,NA,25.507,0,0,0,2.498,0.998,17.569,36.501,0,5,ST2AC9,after,ST2AC9F,alarm
C11V1,female,57.83,NA,NA,NA,16.504,0,0,0,0,1.461,16.401,39.498,0,6,ST2AC9,after,ST2AC9F,alarm
C11V1,female,66.09,NA,NA,NA,13.993,0,1.502,0,7.745,9.645,28.998,17.71,0,7,ST2AC9,after,ST2AC9F,alarm
C11V1,female,57.83,NA,NA,NA,3.251,0,0,0,0.749,7.998,16.928,31.895,0,8,ST2AC9,after,ST2AC9F,alarm
C11V1,female,57.83,NA,NA,NA,19.248,0,0,0,2.002,6.501,31.648,17.21,0,9,ST2AC9,after,ST2AC9F,alarm
C11V1,female,9.78,NA,NA,NA,3.158,0,0,0,0,0,0,9.375,0,10,ST2AC9,after,ST2AC9F,alarm
C11V1,male,66.16,5.998,3,15.497,0.786,0,0,0,0,0,41.211,24.683,0,0,ST2AC9,after,ST2AC9M,alarm
C11V1,male,57.83,4.246,3,5.723,0,0,0,0,1.5,0.587,42.242,13.208,0,1,ST2AC9,after,ST2AC9M,alarm
C11V1,male,57.83,0.5,1,22.722,0,0,0,0,0.999,2.652,40.656,13.251,2,2,ST2AC9,after,ST2AC9M,alarm
C11V1,male,66.09,2.002,2,13.159,0,0.999,0,0,7.244,0,57.078,1.497,0,3,ST2AC9,after,ST2AC9M,alarm
C11V1,male,57.83,1.75,1,5,0,0,0,0,0.494,0,38.135,18.746,0,4,ST2AC9,after,ST2AC9M,alarm
C11V1,male,57.83,0.493,1,2.995,1.246,0,0,0,0,0.748,11.58,45.243,0,5,ST2AC9,after,ST2AC9M,alarm
C11V1,male,57.83,0,0,1.717,0,0,0,0,2.496,9.988,13.65,31.207,1,6,ST2AC9,after,ST2AC9M,alarm
C11V1,male,66.09,1.75,1,11.169,0,0,0,0,10.498,3.991,32.497,18.82,0,7,ST2AC9,after,ST2AC9M,alarm
C11V1,male,57.83,6.247,2,14.75,0,0,0,0,0,4.498,18.181,34.89,0,8,ST2AC9,after,ST2AC9M,alarm
C11V1,male,57.83,0,0,3.005,1.248,0,0,1.498,3.154,18.55,2.399,31.986,0,9,ST2AC9,after,ST2AC9M,alarm
C11V1,male,9.78,0,0,3.308,0,0,0,0,0,1.65,0,7.721,0,10,ST2AC9,after,ST2AC9M,alarm
C11V2,female,66.16,NA,NA,NA,0,0,12.395,37.243,5.497,4.878,5.749,0,0,0,ST2AC9,before,ST2AC9F,alarm
C11V2,female,57.83,NA,NA,NA,0,0,34.659,14.002,5.754,1.651,1.492,0,0,1,ST2AC9,before,ST2AC9F,alarm
C11V2,female,57.83,NA,NA,NA,4,0,0,0,3.498,2.904,40.91,10.255,0,2,ST2AC9,before,ST2AC9F,alarm
C11V2,female,66.09,NA,NA,NA,0,0,29.492,1.75,17.69,0.997,15.823,0,0,3,ST2AC9,before,ST2AC9F,alarm
C11V2,female,57.83,NA,NA,NA,0,0,6.743,0,20.741,0,30.046,0,0,4,ST2AC9,before,ST2AC9F,alarm
C11V2,female,57.83,NA,NA,NA,0,0,3.997,18.711,4.249,14.745,5.65,9.995,0,5,ST2AC9,before,ST2AC9F,alarm
C11V2,female,57.83,NA,NA,NA,5.274,0,0,29.391,0,14.246,0,13.876,0,6,ST2AC9,before,ST2AC9F,alarm
C11V2,female,66.09,NA,NA,NA,13.5,0,9.501,23.422,0.747,10.743,0,21.398,0,7,ST2AC9,before,ST2AC9F,alarm
C11V2,female,57.83,NA,NA,NA,21.75,0,10.243,2.905,9.746,2.997,27.902,3.748,0,8,ST2AC9,before,ST2AC9F,alarm
C11V2,female,57.83,NA,NA,NA,0,0,24.49,0,17.814,0,14.956,0,0,9,ST2AC9,before,ST2AC9F,alarm
C11V2,female,16.16,NA,NA,NA,0,0,0,0,5.261,0,10.497,0,0,10,ST2AC9,before,ST2AC9F,alarm
C11V2,male,66.16,1.5,1,1.248,0,0,32.903,32.862,0,0,0,0,0,0,ST2AC9,before,ST2AC9M,alarm
C11V2,male,57.83,0,0,0,0,0,41.712,15.656,0,0,0,0,0,1,ST2AC9,before,ST2AC9M,alarm
C11V2,male,57.83,0.5,1,35.924,0,0,0,0,0.749,1.651,40.182,14.992,0,2,ST2AC9,before,ST2AC9M,alarm
C11V2,male,66.09,0,0,7.497,0,0,30.9,6.499,11.744,0.249,12.172,4.247,0,3,ST2AC9,before,ST2AC9M,alarm
C11V2,male,57.83,0,0,18.97,0,0,5.997,0,15.49,0,25.357,10.501,0,4,ST2AC9,before,ST2AC9M,alarm
C11V2,male,57.83,0,0,8.423,0,0,6.247,21.927,5.743,2.502,10.399,10.748,0,5,ST2AC9,before,ST2AC9M,alarm
C11V2,male,57.83,0,0,22.668,0,0,0,36.149,0,12.743,0,8.683,0,6,ST2AC9,before,ST2AC9M,alarm
C11V2,male,66.09,2.247,2,7.752,0,0,6.785,52.645,0,4.75,0,1.402,0,7,ST2AC9,before,ST2AC9M,alarm
C11V2,male,57.83,0,0,5.495,0,0,12.218,6.75,10.348,0.997,24.997,1.498,0,8,ST2AC9,before,ST2AC9M,alarm
C11V2,male,57.83,1.496,2,4.931,0,0,28.406,3.497,18.227,0.75,6.466,0,0,9,ST2AC9,before,ST2AC9M,alarm
C11V2,male,16.16,1.249,1,7.752,0,0,0,0,3.171,0,12.042,0.498,0,10,ST2AC9,before,ST2AC9M,alarm
C12V1,female,66.73,NA,NA,NA,0,0,13.563,36.297,2.498,11.897,0,1.5,0,0,ST2C4,before,ST2C4F,control
C12V1,female,58.33,NA,NA,NA,0,0,34.458,18.094,2,3.5,0,0,0,1,ST2C4,before,ST2C4F,control
C12V1,female,58.33,NA,NA,NA,0,0,2.67,15.994,9.5,9.401,17.742,2.741,0,2,ST2C4,before,ST2C4F,control
C12V1,female,58.33,NA,NA,NA,0.995,0,2.651,7.379,3.496,6.556,19.993,17.997,0,3,ST2C4,before,ST2C4F,control
C12V1,female,58.33,NA,NA,NA,0,0,28.721,8.996,5.492,1.903,1.5,11.249,0,4,ST2C4,before,ST2C4F,control
C12V1,female,66.67,NA,NA,NA,0,0,28.149,5.997,21.481,0,8.63,1.998,0,5,ST2C4,before,ST2C4F,control
C12V1,female,58.33,NA,NA,NA,0,0,6.667,14.492,4.741,14.012,6.395,11.735,0,6,ST2C4,before,ST2C4F,control
C12V1,female,58.33,NA,NA,NA,0,0,11.737,30.217,10.649,2.752,0.999,1.495,0,7,ST2C4,before,ST2C4F,control
C12V1,female,58.33,NA,NA,NA,0,0,0,56.309,0,1.568,0,0,0,8,ST2C4,before,ST2C4F,control
C12V1,female,58.33,NA,NA,NA,0,0,4.913,47.392,0,3.753,0,1.998,0,9,ST2C4,before,ST2C4F,control
C12V1,female,14.87,NA,NA,NA,0,0,2.156,1.992,0.999,4.6,0,4.745,0,10,ST2C4,before,ST2C4F,control
C12V1,male,66.73,1.002,1,1.842,0,0,4.496,28.714,5.252,20.897,0,6.996,0,0,ST2C4,before,ST2C4M,control
C12V1,male,58.33,0,0,2.178,0,0,12.689,45.395,0,0,0,0,0,1,ST2C4,before,ST2C4M,control
C12V1,male,58.33,0,0,11.745,0,0,2.749,38.323,3.749,8.5,4.747,0,0,2,ST2C4,before,ST2C4M,control
C12V1,male,58.33,0,0,2.427,0,0,0,47.763,0,6.549,0,3.751,0,3,ST2C4,before,ST2C4M,control
C12V1,male,58.33,0,0,0.253,4.249,0,27.668,9.496,5.243,6.397,0,9.252,0,4,ST2C4,before,ST2C4M,control
C12V1,male,66.67,1.752,2,22.003,0,0,36.652,5.245,15.743,2.108,5.494,0.997,0,5,ST2C4,before,ST2C4M,control
C12V1,male,58.33,0.502,1,13.989,0,0,2.993,24.864,4.25,15.493,1.496,8.748,0,6,ST2C4,before,ST2C4M,control
C12V1,male,58.33,0,0,3.925,2.252,0,0,35.33,0,12.734,0,9.999,0,7,ST2C4,before,ST2C4M,control
C12V1,male,58.33,2.746,2,26.489,0,0,0,54.823,0,3.245,0,0,0,8,ST2C4,before,ST2C4M,control
C12V1,male,58.33,8.991,4,23.252,0,0,0,46.072,0,7.247,0,4.751,0,9,ST2C4,before,ST2C4M,control
C12V1,male,14.87,0,0,1,0,0,3.155,0,1.247,8.866,0,1.25,0,10,ST2C4,before,ST2C4M,control
C12V2,female,66.73,NA,NA,NA,0,0,27.904,12.993,4.495,9.495,3.863,7.497,0,0,ST2C4,after,ST2C4F,control
C12V2,female,58.33,NA,NA,NA,0,0,7.246,30.96,10.246,5.748,3.653,0,0,1,ST2C4,after,ST2C4F,control
C12V2,female,58.33,NA,NA,NA,0,0,0,35.149,0,18.347,0,4.581,0,2,ST2C4,after,ST2C4F,control
C12V2,female,58.33,NA,NA,NA,0,0,11.715,25.744,0,15.745,0,4.649,0,3,ST2C4,after,ST2C4F,control
C12V2,female,58.33,NA,NA,NA,0,0,22.652,0,15.99,0,19.201,0,0,4,ST2C4,after,ST2C4F,control
C12V2,female,66.67,NA,NA,NA,0,0,15.24,10.249,16.14,9.242,6.864,8.492,1,5,ST2C4,after,ST2C4F,control
C12V2,female,58.33,NA,NA,NA,0,0,4.993,0,22.357,0,29.145,0.997,0,6,ST2C4,after,ST2C4F,control
C12V2,female,58.33,NA,NA,NA,0,0,28.355,0,21.979,0,7.501,0,0,7,ST2C4,after,ST2C4F,control
C12V2,female,58.33,NA,NA,NA,0,0,22.237,0,23.458,0,12.154,0,0,8,ST2C4,after,ST2C4F,control
C12V2,female,58.33,NA,NA,NA,0,0,40.18,0,13.881,0,4.003,0,0,9,ST2C4,after,ST2C4F,control
C12V2,male,66.73,0,0,10.739,0.667,0,7.898,18.24,7.242,14.505,2.001,16.368,0,0,ST2C4,after,ST2C4M,control
C12V2,male,58.33,0,0,0.497,0,0,1.498,18.43,1.25,19.894,0,16.981,0,1,ST2C4,after,ST2C4M,control
C12V2,male,58.33,1,1,18.744,0,0,0,30.401,0,21.203,0,6.249,0,2,ST2C4,after,ST2C4M,control
C12V2,male,58.33,0,0,14.257,0,0,0,29.423,0,18.481,0,10.153,0,3,ST2C4,after,ST2C4M,control
C12V2,male,58.33,0,0,0,8.001,0,0,13.395,0,12.01,0,32.61,0,4,ST2C4,after,ST2C4M,control
C12V2,male,66.67,0.499,1,14.494,0,0,4.494,25.386,9.25,15.888,4.247,6.994,2,5,ST2C4,after,ST2C4M,control
C12V2,male,58.33,2.503,1,10.499,2.252,0,10.167,3.494,9.997,14.398,11.248,8.743,0,6,ST2C4,after,ST2C4M,control
C12V2,male,58.33,1.252,1,18.251,0,0,27.886,0,23.408,0,6.741,0,0,7,ST2C4,after,ST2C4M,control
C12V2,male,58.33,0.499,1,14.5,0,0,21.244,5.75,7.146,13.484,1.906,8.247,0,8,ST2C4,after,ST2C4M,control
C12V2,male,58.33,0,0,14.501,8.503,0,16.855,2.057,8.741,0.999,21.398,7.999,0,9,ST2C4,after,ST2C4M,control
C13V1,female,66.73,NA,NA,NA,8.002,5.753,0,0,1.748,10.153,21.463,32.992,0,0,ST2AC2,after,ST2AC2F,alarm
C13V1,female,58.33,NA,NA,NA,11.499,0,0,0,4.495,0.749,41.079,11.745,0,1,ST2AC2,after,ST2AC2F,alarm
C13V1,female,58.33,NA,NA,NA,4.498,0,0.998,0,32.994,5.923,8.646,9.5,0,2,ST2AC2,after,ST2AC2F,alarm
C13V1,female,58.33,NA,NA,NA,8.434,0,0,4.248,11.994,11.865,13.496,16.338,0,3,ST2AC2,after,ST2AC2F,alarm
C13V1,female,58.33,NA,NA,NA,0,0,0,0,14.994,5.652,31.418,5.997,0,4,ST2AC2,after,ST2AC2F,alarm
C13V1,female,66.67,NA,NA,NA,0,0.504,11.244,0.752,19.24,12.745,16.009,5.751,0,5,ST2AC2,after,ST2AC2F,alarm
C13V1,female,58.33,NA,NA,NA,0,1,5.246,8,19.204,9.401,7.248,8.747,0,6,ST2AC2,after,ST2AC2F,alarm
C13V1,female,58.33,NA,NA,NA,0,0,0,16.457,11.147,27.733,0.001,2.496,0,7,ST2AC2,after,ST2AC2F,alarm
C13V1,female,58.33,NA,NA,NA,0,1.75,0,15.308,0,32.812,2.999,6.746,0,8,ST2AC2,after,ST2AC2F,alarm
C13V1,female,58.33,NA,NA,NA,0,0,0,12.997,0,35.048,0,9.996,0,9,ST2AC2,after,ST2AC2F,alarm
C13V1,female,26.03,NA,NA,NA,0,0,1.5,0.749,14.645,4.184,3.252,1.246,0,10,ST2AC2,after,ST2AC2F,alarm
C13V1,male,66.73,0,0,10.358,0.5,0,0,0,1.749,8.995,22.868,32.639,0,0,ST2AC2,after,ST2AC2M,alarm
C13V1,male,58.33,0.747,1,7.258,0,0,4.249,0.748,1.749,2.25,42.868,5.997,0,1,ST2AC2,after,ST2AC2M,alarm
C13V1,male,58.33,0.751,1,17.753,0,0,15.49,4.832,25.749,4.311,4.647,3,0,2,ST2AC2,after,ST2AC2M,alarm
C13V1,male,58.33,0,0,19.912,0,0,0,8.401,4.497,19.671,13.749,11.747,0,3,ST2AC2,after,ST2AC2M,alarm
C13V1,male,58.33,3.604,3,12.25,0,0,0,14.996,0.748,15.147,13.954,12.997,0,4,ST2AC2,after,ST2AC2M,alarm
C13V1,male,66.67,1.497,1,10.498,0,0,0,29.105,0,25.743,0,11.401,0,5,ST2AC2,after,ST2AC2M,alarm
C13V1,male,58.33,0.999,1,15.748,0,0,9.995,10.148,8.992,20.682,2.741,5.501,0,6,ST2AC2,after,ST2AC2M,alarm
C13V1,male,58.33,0,0,27.924,0,0,0,17.662,7.249,29.643,1.749,1.748,0,7,ST2AC2,after,ST2AC2M,alarm
C13V1,male,58.33,2.43,2,27.999,0,0,0,15.832,0,37.74,0,4.498,0,8,ST2AC2,after,ST2AC2M,alarm
C13V1,male,58.33,1,1,23.479,0,0,0,17.242,0,36.115,0,4.494,0,9,ST2AC2,after,ST2AC2M,alarm
C13V1,male,26.03,0,0,3.749,0,0,1.552,9.748,0.585,13.902,0,0,0,10,ST2AC2,after,ST2AC2M,alarm
C13V2,female,66.73,NA,NA,NA,2.247,0,17.251,24.891,1,12.491,1.749,8.857,0,0,ST2AC2,before,ST2AC2F,alarm
C13V2,female,58.33,NA,NA,NA,5.497,0,22.747,3.125,7.994,3.309,3.001,17.898,0,1,ST2AC2,before,ST2AC2F,alarm
C13V2,female,58.33,NA,NA,NA,0,0,9.418,10.885,1.252,26.491,0,9.999,0,2,ST2AC2,before,ST2AC2F,alarm
C13V2,female,58.33,NA,NA,NA,0,0,7.903,18.993,1.248,18.419,3.251,8.239,0,3,ST2AC2,before,ST2AC2F,alarm
C13V2,female,58.33,NA,NA,NA,9.246,0,9.243,12.473,0.746,11.749,0.997,22.642,0,4,ST2AC2,before,ST2AC2F,alarm
C13V2,female,66.67,NA,NA,NA,0,0,0.904,11.076,1.747,26.29,3.999,22.247,0,5,ST2AC2,before,ST2AC2F,alarm
C13V2,female,58.33,NA,NA,NA,0,0,0,30.394,0,22.663,0,4.99,0,6,ST2AC2,before,ST2AC2F,alarm
C13V2,female,58.33,NA,NA,NA,8.003,0,8.245,15.995,1.253,12.832,4.748,14.998,0,7,ST2AC2,before,ST2AC2F,alarm
C13V2,female,58.33,NA,NA,NA,0.251,0,0,9.988,0,24.004,0,24.057,0,8,ST2AC2,before,ST2AC2F,alarm
C13V2,female,58.33,NA,NA,NA,1.751,0,0,21.247,0,24.506,0,12.301,0,9,ST2AC2,before,ST2AC2F,alarm
C13V2,female,61.77,NA,NA,NA,0,0,0,38.141,0,19.84,0,3.351,0,10,ST2AC2,before,ST2AC2F,alarm
C13V2,male,66.73,0,0,5.994,0,0,38.52,27.745,0,0,0,0,0,0,ST2AC2,before,ST2AC2M,alarm
C13V2,male,58.33,1.75,2,2.498,0,0,50.068,0.999,5.497,1.498,0,0,1,1,ST2AC2,before,ST2AC2M,alarm
C13V2,male,58.33,6.496,4,28.219,0,0,10.082,9.995,0,17.992,2,17.988,0,2,ST2AC2,before,ST2AC2M,alarm
C13V2,male,58.33,1.754,3,19.253,0,0,9.649,30.668,3.251,13.004,0,1.496,0,3,ST2AC2,before,ST2AC2M,alarm
C13V2,male,58.33,2.25,1,7.748,0,0,2.994,30.619,0.5,7.247,0,16.497,0,4,ST2AC2,before,ST2AC2M,alarm
C13V2,male,66.67,0,0,24.751,0,0,0,12.748,4.996,23.762,2.253,22.49,0,5,ST2AC2,before,ST2AC2M,alarm
C13V2,male,58.33,0,0,29.868,0,0,0,33.901,0,19.95,0,3.998,0,6,ST2AC2,before,ST2AC2M,alarm
C13V2,male,58.33,1.319,2,10.249,0,0,1.749,32.5,0,10.766,1.249,11.84,1,7,ST2AC2,before,ST2AC2M,alarm
C13V2,male,58.33,0,0,24.929,0,0,0,17.249,0,22.739,0,18.077,0,8,ST2AC2,before,ST2AC2M,alarm
C13V2,male,58.33,0,0,35.913,0,0,0,26.236,0,25.458,0,6.151,0,9,ST2AC2,before,ST2AC2M,alarm
C13V2,male,61.77,0,0,17.962,0,0,0,45.498,0,14.638,0,1.154,0,10,ST2AC2,before,ST2AC2M,alarm
C14V1,female,66.16,NA,NA,NA,1.059,50.902,0,0,28.653,0,28.75,8.396,0,0,ST2AC10,after,ST2AC10F,alarm
C14V1,female,57.83,NA,NA,NA,0,0,0,0,0,0,15.92,41.654,0,1,ST2AC10,after,ST2AC10F,alarm
C14V1,female,57.83,NA,NA,NA,0,0,0,0,0,0,33.859,23.747,0,2,ST2AC10,after,ST2AC10F,alarm
C14V1,female,66.09,NA,NA,NA,0,0,0,0,0,0,6.153,59.676,0,3,ST2AC10,after,ST2AC10F,alarm
C14V1,female,57.83,NA,NA,NA,0,0,0,0,0,0,27.972,29.404,0,4,ST2AC10,after,ST2AC10F,alarm
C14V1,female,57.83,NA,NA,NA,0.75,0,0,0,0,0,52.578,4.996,0,5,ST2AC10,after,ST2AC10F,alarm
C14V1,female,57.83,NA,NA,NA,0,0,0,0,0,0,41.903,15.672,0,6,ST2AC10,after,ST2AC10F,alarm
C14V1,female,66.09,NA,NA,NA,0,0,0,0,0,0,8.997,56.615,0,7,ST2AC10,after,ST2AC10F,alarm
C14V1,female,57.83,NA,NA,NA,0,0,0,0,0,0,10.671,46.904,0,8,ST2AC10,after,ST2AC10F,alarm
C14V1,female,57.83,NA,NA,NA,0,0,0,0,0.318,0,55.465,1.753,0,9,ST2AC10,after,ST2AC10F,alarm
C14V1,female,57.83,NA,NA,NA,0,0,0,0,1.5,0,19.398,36.679,0,10,ST2AC10,after,ST2AC10F,alarm
C14V1,male,66.16,0,0,1.748,5.465,1.999,0,0,0,0,27.244,38.623,0,0,ST2AC10,after,ST2AC10M,alarm
C14V1,male,57.83,0,0,5.251,2.506,0,0,0,0,0,14.218,43.152,0,1,ST2AC10,after,ST2AC10M,alarm
C14V1,male,57.83,3.501,1,5,7.645,0.502,0,0,0,0,16.651,40.895,0,2,ST2AC10,after,ST2AC10M,alarm
C14V1,male,66.09,2.748,1,0,28.749,0,0,0,0,0,32.496,33.329,0,3,ST2AC10,after,ST2AC10M,alarm
C14V1,male,57.83,0,0,12.247,0.252,0,0,0,0,0,49.217,8.152,0,4,ST2AC10,after,ST2AC10M,alarm
C14V1,male,57.83,9.249,4,14.745,7.711,0,0,0,0,0,51.117,6.247,0,5,ST2AC10,after,ST2AC10M,alarm
C14V1,male,57.83,0,0,10.245,25.174,0,0,0,0,0,54.324,3.249,0,6,ST2AC10,after,ST2AC10M,alarm
C14V1,male,66.09,0,0,1.501,47.841,0,0,0,0,0,6.096,59.746,0,7,ST2AC10,after,ST2AC10M,alarm
C14V1,male,57.83,0,0,0,44.655,0,0,0,0,0,45.578,11.999,0,8,ST2AC10,after,ST2AC10M,alarm
C14V1,male,57.83,0.997,1,8.502,3.752,0,0,0,3.499,0,54.074,0,0,9,ST2AC10,after,ST2AC10M,alarm
C14V1,male,57.83,0,0,9.004,14.747,0,0,0,0,0,35.901,21.468,0,10,ST2AC10,after,ST2AC10M,alarm
C14V2,female,66.16,NA,NA,NA,0,0,26.213,39.653,0,0,0,0,0,0,ST2AC10,before,ST2AC10F,alarm
C14V2,female,57.83,NA,NA,NA,0,0,19.153,0,8.743,0,29.473,0,0,1,ST2AC10,before,ST2AC10F,alarm
C14V2,female,57.83,NA,NA,NA,0,0,16.854,0,6.998,0,32.897,0,0,2,ST2AC10,before,ST2AC10F,alarm
C14V2,female,66.09,NA,NA,NA,0,0,22.048,0,14.146,0,29.653,0,0,3,ST2AC10,before,ST2AC10F,alarm
C14V2,female,57.83,NA,NA,NA,0,0,19.168,0,15.395,0,20.492,2.5,0,4,ST2AC10,before,ST2AC10F,alarm
C14V2,female,57.83,NA,NA,NA,11.752,0,2.903,0,1.75,0,13.748,39.162,0,5,ST2AC10,before,ST2AC10F,alarm
C14V2,female,57.83,NA,NA,NA,11.746,0,6.181,18.501,0,2.246,20.499,10.153,0,6,ST2AC10,before,ST2AC10F,alarm
C14V2,female,66.09,NA,NA,NA,0,0,9.403,0,1.75,0,54.467,0,0,7,ST2AC10,before,ST2AC10F,alarm
C14V2,female,57.83,NA,NA,NA,0,0,1.251,8.499,6.998,4.915,7.4,28.5,0,8,ST2AC10,before,ST2AC10F,alarm
C14V2,female,57.83,NA,NA,NA,0,0,19.752,6.246,22.16,0,9.404,0,0,9,ST2AC10,before,ST2AC10F,alarm
C14V2,female,31.33,NA,NA,NA,0.999,0,6.423,0,6.153,0,18.499,0,0,10,ST2AC10,before,ST2AC10F,alarm
C14V2,male,66.16,0,0,0,0,0,15.998,0,13.134,0,36.719,0,0,0,ST2AC10,before,ST2AC10M,alarm
C14V2,male,57.83,4.746,2,5.999,0,0,6.994,0,12.243,0,38.112,0,0,1,ST2AC10,before,ST2AC10M,alarm
C14V2,male,57.83,0,0,0.254,0,0,13.751,0,8.738,0,28.815,6.248,0,2,ST2AC10,before,ST2AC10M,alarm
C14V2,male,66.09,0,0,11.005,0,0,9.001,0,12.816,0,44.052,0,0,3,ST2AC10,before,ST2AC10M,alarm
C14V2,male,57.83,0,0,4,0,0,7.664,0,10.503,0,35.89,3.499,0,4,ST2AC10,before,ST2AC10M,alarm
C14V2,male,57.83,0,0,3.501,0,0,0.653,0,5.998,0,45.746,5.174,0,5,ST2AC10,before,ST2AC10M,alarm
C14V2,male,57.83,0,0,3.501,0,0,1.498,0,8.502,0,41.459,5.9,0,6,ST2AC10,before,ST2AC10M,alarm
C14V2,male,66.09,4.252,2,8.003,0,0,5.751,0,2.498,2.747,49.859,4.751,0,7,ST2AC10,before,ST2AC10M,alarm
C14V2,male,57.83,5.252,3,8.746,0,0,0.748,0.892,0.749,0.751,22.897,31.497,0,8,ST2AC10,before,ST2AC10M,alarm
C14V2,male,57.83,0,0,10.004,0,0,7.501,8.402,8.499,1.995,19.954,10.994,0,9,ST2AC10,before,ST2AC10M,alarm
C14V2,male,31.33,0,0,1.498,9.25,0,0,0,0,0,12.716,18.151,0,10,ST2AC10,before,ST2AC10M,alarm
C15V1,female,66.73,NA,NA,NA,1.808,0,0,0,0,0,39.313,26.901,0,0,ST2AC11,after,ST2AC11F,alarm
C15V1,female,58.33,NA,NA,NA,15.002,0,0,0,0,0,57.871,0,0,1,ST2AC11,after,ST2AC11F,alarm
C15V1,female,58.33,NA,NA,NA,0,5.75,0,0,0,0,14.117,43.753,0,2,ST2AC11,after,ST2AC11F,alarm
C15V1,female,58.33,NA,NA,NA,10.963,0,0,0,0,0,23.401,34.469,1,3,ST2AC11,after,ST2AC11F,alarm
C15V1,female,58.33,NA,NA,NA,19.002,0,0,0,0,0,0,57.863,0,4,ST2AC11,after,ST2AC11F,alarm
C15V1,female,66.67,NA,NA,NA,17.512,0,0,0,0.746,0,34.618,30.901,0,5,ST2AC11,after,ST2AC11F,alarm
C15V1,female,58.33,NA,NA,NA,11.503,0,0,0,0,0,26.4,31.675,0,6,ST2AC11,after,ST2AC11F,alarm
C15V1,female,58.33,NA,NA,NA,32.002,0,0,0,0,0,0,57.819,0,7,ST2AC11,after,ST2AC11F,alarm
C15V1,female,58.33,NA,NA,NA,22.756,0,0,0,0,0,35.673,22.402,0,8,ST2AC11,after,ST2AC11F,alarm
C15V1,female,58.33,NA,NA,NA,24.918,0,0,0,0,0,57.072,0.996,0,9,ST2AC11,after,ST2AC11F,alarm
C15V1,female,21.67,NA,NA,NA,0,0,0,0,3.213,0,12.651,5.498,0,10,ST2AC11,after,ST2AC11F,alarm
C15V1,male,66.73,9.995,2,33.004,0,0,0,0,0,0,26.113,40.151,0,0,ST2AC11,after,ST2AC11M,alarm
C15V1,male,58.33,1.751,1,23.675,0,0,0,0,0,0,58.083,0,0,1,ST2AC11,after,ST2AC11M,alarm
C15V1,male,58.33,0,0,23.661,0.499,2.751,0,0,0.001,0,22.323,35.746,0,2,ST2AC11,after,ST2AC11M,alarm
C15V1,male,58.33,0,0,39.421,1.499,0,0,0,0,0,24.905,33.167,0,3,ST2AC11,after,ST2AC11M,alarm
C15V1,male,58.33,5.495,3,24.749,3.251,0,0,0,0,0,8.463,49.399,0,4,ST2AC11,after,ST2AC11M,alarm
C15V1,male,66.67,3,2,25.499,0.496,0,0,0,0,0,48.271,17.501,0,5,ST2AC11,after,ST2AC11M,alarm
C15V1,male,58.33,2.252,3,41.159,0,0,0,0,0,2.25,27.155,28.664,1,6,ST2AC11,after,ST2AC11M,alarm
C15V1,male,58.33,0,0,53.964,0,0,0,0,0,0,0,57.867,0,7,ST2AC11,after,ST2AC11M,alarm
C15V1,male,58.33,25.748,4,23.168,0,0,0,0,0,0,40.965,16.903,1,8,ST2AC11,after,ST2AC11M,alarm
C15V1,male,58.33,44.921,4,11.747,0,0,0,0,0,0,57.071,0.999,0,9,ST2AC11,after,ST2AC11M,alarm
C15V1,male,21.67,11.999,1,6.969,0,0,0,0,1.498,0,7.514,12.25,0,10,ST2AC11,after,ST2AC11M,alarm
C15V2,female,66.73,NA,NA,NA,0,0,25.107,5.001,22.894,1.247,10.247,1.748,0,0,ST2AC11,before,ST2AC11F,alarm
C15V2,female,58.33,NA,NA,NA,0,0,19.898,38.179,0,0,0,0,0,1,ST2AC11,before,ST2AC11F,alarm
C15V2,female,58.33,NA,NA,NA,0,0,33.991,23.602,0,0.497,0,0,0,2,ST2AC11,before,ST2AC11F,alarm
C15V2,female,58.33,NA,NA,NA,3.375,0,10.749,36.15,0,1,0,10.182,0,3,ST2AC11,before,ST2AC11F,alarm
C15V2,female,58.33,NA,NA,NA,8.999,0,8.748,9.645,4.248,4.75,5.75,24.902,0,4,ST2AC11,before,ST2AC11F,alarm
C15V2,female,66.67,NA,NA,NA,37.363,0,7.244,0,4.749,0,52.868,1.403,0,5,ST2AC11,before,ST2AC11F,alarm
C15V2,female,58.33,NA,NA,NA,25.915,0,3.746,0,1.504,0,51.576,0.999,0,6,ST2AC11,before,ST2AC11F,alarm
C15V2,female,58.33,NA,NA,NA,22.751,0,18.249,0,2.248,0,37.568,0,0,7,ST2AC11,before,ST2AC11F,alarm
C15V2,female,58.33,NA,NA,NA,35.167,0,0,0,0,0,34.403,23.667,0,8,ST2AC11,before,ST2AC11F,alarm
C15V2,female,58.33,NA,NA,NA,38.325,0,0,0,2.501,0,40.417,15.153,0,9,ST2AC11,before,ST2AC11F,alarm
C15V2,female,25.7,NA,NA,NA,9.258,0,0,0,0,0,25.365,0,0,10,ST2AC11,before,ST2AC11F,alarm
C15V2,male,66.73,7.742,4,38.134,0,0,26.313,4.495,22.151,0.749,8.481,3.746,0,0,ST2AC11,before,ST2AC11M,alarm
C15V2,male,58.33,11.986,5,44.67,0,0,21.152,36.924,0,0,0,0,0,1,ST2AC11,before,ST2AC11M,alarm
C15V2,male,58.33,8.247,3,48.175,0,0,34.748,23.329,0,0,0,0,0,2,ST2AC11,before,ST2AC11M,alarm
C15V2,male,58.33,12.912,3,44.249,0,0,10.999,36.65,0,1.002,0,9.42,0,3,ST2AC11,before,ST2AC11M,alarm
C15V2,male,58.33,5.499,3,28.217,0.749,0,9.921,10.498,4.249,2.498,3.25,27.65,0,4,ST2AC11,before,ST2AC11M,alarm
C15V2,male,66.67,15.744,6,12.245,0,0,15.648,0,9.351,6.502,31.248,3.499,0,5,ST2AC11,before,ST2AC11M,alarm
C15V2,male,58.33,2.003,2,4.496,0,0,27.073,4.749,8.497,2.248,13.994,1.497,0,6,ST2AC11,before,ST2AC11M,alarm
C15V2,male,58.33,9.333,5,7.064,0,0,44.894,0.999,7.995,0.749,3.426,0,0,7,ST2AC11,before,ST2AC11M,alarm
C15V2,male,58.33,15.912,4,15.742,0,0,5.495,0,2.998,0,26.649,22.923,0,8,ST2AC11,before,ST2AC11M,alarm
C15V2,male,58.33,12.746,4,12.993,0,0,2.996,0,11.251,0,30.171,13.652,0,9,ST2AC11,before,ST2AC11M,alarm
C15V2,male,25.7,5.75,3,3.872,0,0,1.75,0,1.745,0,21.767,0,0,10,ST2AC11,before,ST2AC11M,alarm
C16V1,female,66.76,NA,NA,NA,0,31.208,0,0,0,0,13.402,52.958,0,0,ST2AC15,after,ST2AC15F,alarm
C16V1,female,58.35,NA,NA,NA,2.503,24.402,0,0,0,0,5.107,52.874,0,1,ST2AC15,after,ST2AC15F,alarm
C16V1,female,58.35,NA,NA,NA,1.752,0,0,0,0,0,17.744,40.307,0,2,ST2AC15,after,ST2AC15F,alarm
C16V1,female,58.35,NA,NA,NA,2.003,0,0,0,0,0,30.15,27.665,0,3,ST2AC15,after,ST2AC15F,alarm
C16V1,female,58.35,NA,NA,NA,0.748,0,0,0,1.248,0,37.964,18.903,0,4,ST2AC15,after,ST2AC15F,alarm
C16V1,female,66.69,NA,NA,NA,0,0,0,0,3.247,0,63.011,0,0,5,ST2AC15,after,ST2AC15F,alarm
C16V1,female,58.35,NA,NA,NA,8.832,0,0,0,1.499,0,56.552,0,0,6,ST2AC15,after,ST2AC15F,alarm
C16V1,female,58.35,NA,NA,NA,15.752,0,0,0,0,0,48.903,9.117,0,7,ST2AC15,after,ST2AC15F,alarm
C16V1,female,58.35,NA,NA,NA,36.272,0,0,0,0,0,54.368,3.652,0,8,ST2AC15,after,ST2AC15F,alarm
C16V1,female,58.35,NA,NA,NA,27.869,0,0,0,0.999,0.251,48.4,8.355,0,9,ST2AC15,after,ST2AC15F,alarm
C16V1,female,8.8,NA,NA,NA,0,0,0,0,0,0,5.653,2.618,0,10,ST2AC15,after,ST2AC15F,alarm
C16V1,male,66.76,0,0,0,0,63.978,0,0,0,0,0,65.624,0,0,ST2AC15,after,ST2AC15M,alarm
C16V1,male,58.35,0,0,10.25,1.749,15.837,0,0,0,0,21.848,35.977,0,1,ST2AC15,after,ST2AC15M,alarm
C16V1,male,58.35,0,0,4.5,0.751,0,0,0,0,0,14.299,43.707,0,2,ST2AC15,after,ST2AC15M,alarm
C16V1,male,58.35,13.489,4,16.117,0,0,0,0,0,0,30.249,27.768,0,3,ST2AC15,after,ST2AC15M,alarm
C16V1,male,58.35,5.501,2,25.74,0,0,0,0,0,0,38.871,19.153,0,4,ST2AC15,after,ST2AC15M,alarm
C16V1,male,66.69,1.251,1,15.614,0,0,0,0,0.25,0,58.616,7.501,0,5,ST2AC15,after,ST2AC15M,alarm
C16V1,male,58.35,3.997,3,15.257,7.465,0,0,0,3.246,0,54.865,0,0,6,ST2AC15,after,ST2AC15M,alarm
C16V1,male,58.35,8.621,3,19.25,8.403,0,0,0,0,0,45.148,12.865,0,7,ST2AC15,after,ST2AC15M,alarm
C16V1,male,58.35,9.246,4,16.746,0,0,0,0,1,0,28.744,28.063,1,8,ST2AC15,after,ST2AC15M,alarm
C16V1,male,58.35,1.499,1,8.864,3.002,0,0,0,0,5.496,16.998,35.513,0,9,ST2AC15,after,ST2AC15M,alarm
C16V1,male,8.8,0,0,3.912,0,0,0,0,0,0,0,8.277,0,10,ST2AC15,after,ST2AC15M,alarm
C16V2,female,66.76,NA,NA,NA,0.25,0,17.454,0,13.997,3.998,22.141,8.742,0,0,ST2AC15,before,ST2AC15F,alarm
C16V2,female,58.35,NA,NA,NA,0,0,21.864,35.25,0.998,0,0,0,0,1,ST2AC15,before,ST2AC15F,alarm
C16V2,female,58.35,NA,NA,NA,0,0,29.763,20.249,2.996,0,2.001,2.996,0,2,ST2AC15,before,ST2AC15F,alarm
C16V2,female,58.35,NA,NA,NA,0,0,23.77,19.245,1.997,8.493,0,4.499,0,3,ST2AC15,before,ST2AC15F,alarm
C16V2,female,58.35,NA,NA,NA,0.751,0,29.149,7.749,7.245,0,13.966,0,0,4,ST2AC15,before,ST2AC15F,alarm
C16V2,female,66.69,NA,NA,NA,6.5,0,16.611,0,13.496,0.749,35.401,0,0,5,ST2AC15,before,ST2AC15F,alarm
C16V2,female,58.35,NA,NA,NA,1.25,0,15.622,0,14.489,0,27.993,0,0,6,ST2AC15,before,ST2AC15F,alarm
C16V2,female,58.35,NA,NA,NA,1.505,0,16.399,9.739,13.996,3.504,7.997,6.36,0,7,ST2AC15,before,ST2AC15F,alarm
C16V2,female,58.35,NA,NA,NA,0,0,24.74,0,16.633,1.653,14.485,0.498,0,8,ST2AC15,before,ST2AC15F,alarm
C16V2,female,58.35,NA,NA,NA,1.004,0,15.887,2.749,12.244,7.754,8.651,10.731,0,9,ST2AC15,before,ST2AC15F,alarm
C16V2,female,24.01,NA,NA,NA,0,0,3.149,0,4.747,1.999,12.248,1.388,0,10,ST2AC15,before,ST2AC15F,alarm
C16V2,male,66.76,0,0,0,0,0,28.494,29.72,0,4.249,0,3.901,0,0,ST2AC15,before,ST2AC15M,alarm
C16V2,male,58.35,0,0,4.999,0,0,29.745,28.369,0,0,0,0,1,1,ST2AC15,before,ST2AC15M,alarm
C16V2,male,58.35,3.248,3,0,0,0,39.751,18.25,0,0,0,0,0,2,ST2AC15,before,ST2AC15M,alarm
C16V2,male,58.35,0,0,0.75,0,0,38.019,19.999,0,0,0,0,0,3,ST2AC15,before,ST2AC15M,alarm
C16V2,male,58.35,0,0,0,0,0,44.369,13.745,0,0,0,0,0,4,ST2AC15,before,ST2AC15M,alarm
C16V2,male,66.69,0,0,0.497,7.5,0,24.619,3.249,8.993,4.25,23.25,1.999,0,5,ST2AC15,before,ST2AC15M,alarm
C16V2,male,58.35,0,0,6,0,0,26.015,6.247,7.997,3.751,13.995,0,0,6,ST2AC15,before,ST2AC15M,alarm
C16V2,male,58.35,0,0,7.501,0,0,18.763,23.748,13.496,0.497,1.496,0,0,7,ST2AC15,before,ST2AC15M,alarm
C16V2,male,58.35,0,0,1.748,0,0,47.011,8.004,2.998,0,0,0,0,8,ST2AC15,before,ST2AC15M,alarm
C16V2,male,58.35,0,0,0,0,0,38.401,19.609,0,0,0,0,0,9,ST2AC15,before,ST2AC15M,alarm
C16V2,male,24.01,0,0,0,0,0,0,23.615,0,0,0,0,0,10,ST2AC15,before,ST2AC15M,alarm
C17V1,female,66.73,NA,NA,NA,11.867,0,1.149,0.25,3.244,5.744,21.243,34.362,0,0,ST2AC3,after,ST2AC3F,alarm
C17V1,female,58.33,NA,NA,NA,23.536,0,1.498,0,4.501,6.498,28.245,17.104,0,1,ST2AC3,after,ST2AC3F,alarm
C17V1,female,58.33,NA,NA,NA,52.25,0,0.001,1.305,0.332,2.287,0,54.153,0,2,ST2AC3,after,ST2AC3F,alarm
C17V1,female,58.33,NA,NA,NA,39.467,0,0,0,0,0.401,5.497,51.973,0,3,ST2AC3,after,ST2AC3F,alarm
C17V1,female,58.33,NA,NA,NA,27.181,0,0,0,0,3.494,0,54.582,0,4,ST2AC3,after,ST2AC3F,alarm
C17V1,male,66.73,24.254,5,17.242,3.367,0,4.646,0.999,10.239,11.242,21.742,17.463,0,0,ST2AC3,after,ST2AC3M,alarm
C17V1,male,58.33,17.5,7,0,3.747,0,2.75,2.496,13.742,14.212,13.747,10.899,0,1,ST2AC3,after,ST2AC3M,alarm
C17V1,male,58.33,0.505,1,2.748,3.26,0,0.754,3.682,15.489,2.865,13.244,22.002,0,2,ST2AC3,after,ST2AC3M,alarm
C17V1,male,58.33,5.711,4,1.746,4.259,0,0,1.9,5.248,12.501,11.996,26.413,0,3,ST2AC3,after,ST2AC3M,alarm
C17V1,male,58.33,22.909,4,10.747,8.25,0,0,0,0,2.249,0,55.809,0,4,ST2AC3,after,ST2AC3M,alarm
C17V2,female,66.67,NA,NA,NA,0,0,20.249,0,19.296,0,26.644,0,0,5,ST2AC3,before,ST2AC3F,alarm
C17V2,female,58.33,NA,NA,NA,9.75,0,13.673,4.25,13.985,2.747,13.397,9.996,0,6,ST2AC3,before,ST2AC3F,alarm
C17V2,female,58.33,NA,NA,NA,14.748,0,9.997,1.253,13.388,0.747,31.67,0.999,0,7,ST2AC3,before,ST2AC3F,alarm
C17V2,female,58.33,NA,NA,NA,3.005,0,19.167,0,9.246,0,29.642,0,0,8,ST2AC3,before,ST2AC3F,alarm
C17V2,female,58.33,NA,NA,NA,11.667,0,11.996,0,11.143,0,34.91,0,0,9,ST2AC3,before,ST2AC3F,alarm
C17V2,male,66.67,1.998,1,33.253,0,0,15.749,3.11,17.977,0.497,28.902,0,1,5,ST2AC3,before,ST2AC3M,alarm
C17V2,male,58.33,12.749,4,29.914,0,0,11.159,5.15,12.987,7.747,14.498,6.497,0,6,ST2AC3,before,ST2AC3M,alarm
C17V2,male,58.33,0.748,1,27.959,0,0,8.245,11.501,10.886,3.245,21.457,2.503,0,7,ST2AC3,before,ST2AC3M,alarm
C17V2,male,58.33,7.755,3,35.162,0,0,10.669,4.501,11.486,0.75,29.652,0.995,1,8,ST2AC3,before,ST2AC3M,alarm
C17V2,male,58.33,1.249,1,31.749,0,0,22.292,0,9.744,0,25.243,0,0,9,ST2AC3,before,ST2AC3M,alarm
C18V1,female,60.53,NA,NA,NA,0,0,11.653,0.749,19.747,14.702,8.993,4.251,0,0,ST2AC6,after,ST2AC6F,alarm
C18V1,female,59.53,NA,NA,NA,26.757,0,0,0,0.325,0.902,40.155,17.745,0,1,ST2AC6,after,ST2AC6F,alarm
C18V1,female,60.5,NA,NA,NA,32.608,0,0,0,4.407,0,33.492,22.11,0,2,ST2AC6,after,ST2AC6F,alarm
C18V1,female,60.53,NA,NA,NA,20.737,0,1.5,2.249,0,7.244,4.018,45.271,0,3,ST2AC6,after,ST2AC6F,alarm
C18V1,female,59.53,NA,NA,NA,4.999,0,31.166,1,2.899,1.251,12.748,10.25,0,4,ST2AC6,after,ST2AC6F,alarm
C18V1,male,60.53,31.836,6,0,0,0,13.757,7.396,12.33,11.498,8.847,6.249,0,0,ST2AC6,after,ST2AC6M,alarm
C18V1,male,59.53,19.679,6,0,1.747,0,0,0,0,0.403,50.162,7.998,0,1,ST2AC6,after,ST2AC6M,alarm
C18V1,male,60.5,9.747,4,0,0,0,12.205,0,21.499,2.495,17.396,6.5,0,2,ST2AC6,after,ST2AC6M,alarm
C18V1,male,60.53,15.999,2,0,0,0,14.154,4.746,7.246,0.999,16.202,16.752,0,3,ST2AC6,after,ST2AC6M,alarm
C18V1,male,59.53,20.492,4,3.246,0,0,25.42,0,13.495,2.751,17.651,0,0,4,ST2AC6,after,ST2AC6M,alarm
C18V2,female,60.53,NA,NA,NA,0.496,0,30.495,9.118,7.49,2.494,6.651,3.751,0,5,ST2AC6,before,ST2AC6F,alarm
C18V2,female,59.53,NA,NA,NA,0,0,19.896,7.999,10.743,0.999,19.466,0,0,6,ST2AC6,before,ST2AC6F,alarm
C18V2,female,60.53,NA,NA,NA,27.002,0,1.654,0,0.996,3.87,30.496,22.993,0,7,ST2AC6,before,ST2AC6F,alarm
C18V2,female,59.53,NA,NA,NA,2.001,0,0,12.899,0,24.952,0,21.247,0,8,ST2AC6,before,ST2AC6F,alarm
C18V2,female,60.53,NA,NA,NA,3.749,0,25.497,15.116,1.747,2.498,11.494,3.753,0,9,ST2AC6,before,ST2AC6F,alarm
C18V2,male,60.53,11.347,4,7.997,0,0,25.18,20.498,1.741,1.995,4.871,5.749,0,5,ST2AC6,before,ST2AC6M,alarm
C18V2,male,59.53,2.747,1,0,0,0,9.368,35.996,2.748,5.745,1.998,3.244,0,6,ST2AC6,before,ST2AC6M,alarm
C18V2,male,60.53,14.75,2,8.497,0,0,11.748,12.999,4.499,2.995,21.652,6.12,2,7,ST2AC6,before,ST2AC6M,alarm
C18V2,male,59.53,6.001,1,29.176,0.749,0,0,12.493,0,28.175,0,18.644,1,8,ST2AC6,before,ST2AC6M,alarm
C18V2,male,60.53,6.001,1,44.917,0,0,25.499,6.065,2.746,11.005,12.246,2.499,0,9,ST2AC6,before,ST2AC6M,alarm
C19V1,female,66.42,NA,NA,NA,6.753,0,8.898,14.216,8.486,6.74,18.505,9.255,0,0,ST2C11,after,ST2C11F,control
C19V1,female,58.06,NA,NA,NA,0,0,6.869,27.746,0,16.886,0,5.993,0,1,ST2C11,after,ST2C11F,control
C19V1,female,58.06,NA,NA,NA,0,0,17.741,0,18.859,0,20.993,0,0,2,ST2C11,after,ST2C11F,control
C19V1,female,58.06,NA,NA,NA,0,0,29.815,0,9.744,0,18.241,0,0,3,ST2C11,after,ST2C11F,control
C19V1,female,66.36,NA,NA,NA,0,0,17.862,0,15.483,0,32.745,0,0,4,ST2C11,after,ST2C11F,control
C19V1,male,66.42,15.339,4,50.774,0,0,12.651,12.873,5.245,5.998,19.994,9.249,0,0,ST2C11,after,ST2C11M,control
C19V1,male,58.06,0,0,35.87,0,0,6.124,36.157,0,13.225,0,1.999,0,1,ST2C11,after,ST2C11M,control
C19V1,male,58.06,0,0,43.426,0,0,23.325,0,12.236,0,22.245,0,0,2,ST2C11,after,ST2C11M,control
C19V1,male,58.06,0,0,42.659,0,0,26.919,0,10.139,0,20.742,0,0,3,ST2C11,after,ST2C11M,control
C19V1,male,66.36,0,0,13.613,0,0,7.606,17.649,9.741,2.502,24.993,1.749,0,4,ST2C11,after,ST2C11M,control
C19V2,female,66.36,NA,NA,NA,0,0,45.645,19.471,1.001,0,0,0,0,4,ST2C11,before,ST2C11F,control
C19V2,female,58.06,NA,NA,NA,0,0,25.001,13.899,3.996,0,14.723,0,0,5,ST2C11,before,ST2C11F,control
C19V2,female,58.06,NA,NA,NA,0,0,13.001,0,5.237,1.249,38.027,0,0,6,ST2C11,before,ST2C11F,control
C19V2,female,58.06,NA,NA,NA,0,0,20.708,11.497,5.254,3.25,6.15,10.745,0,7,ST2C11,before,ST2C11F,control
C19V2,female,44.89,NA,NA,NA,0,0,9.106,0,11.642,0,23.747,0,0,8,ST2C11,before,ST2C11F,control
C19V2,male,66.36,0,0,63.5,0,0,44.899,20.31,0.749,0,0,0,0,4,ST2C11,before,ST2C11M,control
C19V2,male,58.06,0,0,43.219,0,0,27.245,13.904,2.999,0,13.469,0,0,5,ST2C11,before,ST2C11M,control
C19V2,male,58.06,3.5,1,32.502,0,0,10.752,0,5.067,3.751,38.06,0,0,6,ST2C11,before,ST2C11M,control
C19V2,male,58.06,2.748,1,32.751,0,0,19.498,16.026,1.748,3.248,6.748,10.499,0,7,ST2C11,before,ST2C11M,control
C19V2,male,44.89,0,0,27.369,0,0,17.52,0,7.997,0,18.493,0,0,8,ST2C11,before,ST2C11M,control
C20V1,female,66.16,NA,NA,NA,0,0,43.521,6.989,10.749,0.495,2.493,1.502,0,0,ST2C10,after,ST2C10F,control
C20V1,female,57.83,NA,NA,NA,5.499,0,26.311,0,10.748,0,20.499,0,0,1,ST2C10,after,ST2C10F,control
C20V1,female,57.83,NA,NA,NA,0,0,5.119,40.669,1.498,1.5,7.499,1.249,0,2,ST2C10,after,ST2C10F,control
C20V1,female,66.09,NA,NA,NA,0,0,10.498,33.821,6.244,6.994,0.499,7.747,0,3,ST2C10,after,ST2C10F,control
C20V1,female,57.83,NA,NA,NA,1.251,0,7.746,13.646,4.245,19.488,6.725,5.49,0,4,ST2C10,after,ST2C10F,control
C20V1,male,66.16,5.751,2,9.499,0,0,31.405,1.498,16.237,6.997,2.992,6.624,0,0,ST2C10,after,ST2C10M,control
C20V1,male,57.83,1.5,1,5.251,11.253,0,5.245,0,13.749,3.999,15.496,17.843,0,1,ST2C10,after,ST2C10M,control
C20V1,male,57.83,7.502,2,2.251,3.502,0,11.154,1.247,7.996,14.998,5.751,16.106,0,2,ST2C10,after,ST2C10M,control
C20V1,male,66.09,0,0,19.184,2.502,0,11.337,11.032,11.805,3.75,7.997,19.896,0,3,ST2C10,after,ST2C10M,control
C20V1,male,57.83,8.498,1,29.499,0,0,7.501,13.495,2.498,19.245,7.457,6.997,0,4,ST2C10,after,ST2C10M,control
C20V2,female,57.83,NA,NA,NA,4.75,0,2.001,4.459,6.247,9.652,17.746,17.497,1,5,ST2C10,before,ST2C10F,control
C20V2,female,57.83,NA,NA,NA,2.503,0,1.153,7.244,2.49,16.241,5.752,24.466,0,6,ST2C10,before,ST2C10F,control
C20V2,female,66.09,NA,NA,NA,25.516,0,3.496,0,7.496,2.749,24.132,27.899,0,7,ST2C10,before,ST2C10F,control
C20V2,female,57.83,NA,NA,NA,30.997,0,0,0,0,0,55.902,1.47,0,8,ST2C10,before,ST2C10F,control
C20V2,female,57.83,NA,NA,NA,14.413,0,0,0,0,0,33.441,23.902,0,9,ST2C10,before,ST2C10F,control
C20V2,male,57.83,11.248,3,29.5,0,0,2.499,0.001,9.717,14.901,19.745,10.747,0,5,ST2C10,before,ST2C10M,control
C20V2,male,57.83,0,0,7.249,2.25,0,2.155,3.999,3.495,19.746,0,27.46,0,6,ST2C10,before,ST2C10M,control
C20V2,male,66.09,0,0,18.71,0,0,13.25,1.249,9.495,12.494,25.462,3.654,1,7,ST2C10,before,ST2C10M,control
C20V2,male,57.83,23.06,1,27.832,0,0,0,0,0,0,57.545,0,0,8,ST2C10,before,ST2C10M,control
C20V2,male,57.83,16.713,3,38.004,0,0,0,0,0,0,43.126,14.249,0,9,ST2C10,before,ST2C10M,control
C21V1,female,66.67,NA,NA,NA,3.251,0,10.897,0,23.202,0,32.244,0,0,5,ST2AC16,before,ST2AC16F,alarm
C21V1,female,58.33,NA,NA,NA,1.499,0,11.42,0,25.481,0,20.149,0,0,6,ST2AC16,before,ST2AC16F,alarm
C21V1,female,58.33,NA,NA,NA,0,0,14.899,0,19.982,0,23.172,0,0,7,ST2AC16,before,ST2AC16F,alarm
C21V1,female,58.33,NA,NA,NA,0,0,10.999,0,21.745,0,25.299,0,0,8,ST2AC16,before,ST2AC16F,alarm
C21V1,female,58.33,NA,NA,NA,0,0,7.997,0,14.49,0,32.822,2.747,0,9,ST2AC16,before,ST2AC16F,alarm
C21V1,male,66.67,1.754,1,21.502,0,0,14.746,0,29.749,0,21.246,0,0,5,ST2AC16,before,ST2AC16M,alarm
C21V1,male,58.33,1.251,1,26.113,0,0,7.495,0,27.761,0,21.489,0,0,6,ST2AC16,before,ST2AC16M,alarm
C21V1,male,58.33,0.999,1,5.001,0,0,12.45,0,19.628,0,25.255,0,0,7,ST2AC16,before,ST2AC16M,alarm
C21V1,male,58.33,2,1,4.997,0,0,8.402,0,22.389,0,27.24,0,0,8,ST2AC16,before,ST2AC16M,alarm
C21V1,male,58.33,1.751,1,10.767,1.745,0,8.145,0,12.713,0,37.205,0,0,9,ST2AC16,before,ST2AC16M,alarm
C21V2,female,66.73,NA,NA,NA,0,2.249,0,0,0,0,43.65,22.836,0,0,ST2AC16,after,ST2AC16F,alarm
C21V2,female,58.33,NA,NA,NA,0,14.715,0,0,0,0,38.87,18.999,0,1,ST2AC16,after,ST2AC16F,alarm
C21V2,female,58.33,NA,NA,NA,0,0,0,0,0,0,36.576,21.497,0,2,ST2AC16,after,ST2AC16F,alarm
C21V2,female,58.33,NA,NA,NA,0,13.245,0,0,0,0,28.15,29.709,4,3,ST2AC16,after,ST2AC16F,alarm
C21V2,female,58.33,NA,NA,NA,0,16.744,0,0,0,0,0,58.079,0,4,ST2AC16,after,ST2AC16F,alarm
C21V2,male,66.73,9.249,2,15.621,0,22.253,0,0,0,0,48.899,17.372,0,0,ST2AC16,after,ST2AC16M,alarm
C21V2,male,58.33,0,0,41.001,0,11.498,0,0,0,0,31.428,26.652,0,1,ST2AC16,after,ST2AC16M,alarm
C21V2,male,58.33,0,0,0,0,37.423,0,0,0,0,4.904,53.172,0,2,ST2AC16,after,ST2AC16M,alarm
C21V2,male,58.33,0,0,0,0,51.962,0,0,0,0,0,57.867,0,3,ST2AC16,after,ST2AC16M,alarm
C21V2,male,58.33,0,0,7.425,0,36.742,0,0,0,0,0,58.081,1,4,ST2AC16,after,ST2AC16M,alarm
C22V1,female,66.67,NA,NA,NA,0,0,1.72,0,0,28.639,0,35.987,1,5,ST2C3,before,ST2C3F,control
C22V1,female,58.33,NA,NA,NA,0,0,1.154,3.248,3.996,14.482,1.25,33.711,1,6,ST2C3,before,ST2C3F,control
C22V1,female,58.33,NA,NA,NA,0,0,0,0.498,0.862,18.234,0,38.144,0,7,ST2C3,before,ST2C3F,control
C22V1,female,58.33,NA,NA,NA,0,0,0,6.497,0,9.653,0,41.921,0,8,ST2C3,before,ST2C3F,control
C22V1,female,58.33,NA,NA,NA,0,0,0,1.499,0,12.202,0,44.393,0,9,ST2C3,before,ST2C3F,control
C22V1,male,66.67,0,0,0,0,0,0,7.719,0,36.141,0,22.494,0,5,ST2C3,before,ST2C3M,control
C22V1,male,58.33,0,0,0,0,0,4.033,5.522,1.4,22.307,0.5,24.237,0,6,ST2C3,before,ST2C3M,control
C22V1,male,58.33,0,0,0,0,0,0,34.753,0,13.938,0,9.155,0,7,ST2C3,before,ST2C3M,control
C22V1,male,58.33,0,0,0,0,0,0,24.716,0,11.15,0,21.999,0,8,ST2C3,before,ST2C3M,control
C22V1,male,58.33,0,0,0,0,0,0,6.154,0,28.898,0,22.821,0,9,ST2C3,before,ST2C3M,control
C22V2,female,66.73,NA,NA,NA,0,0,0,3.256,0,23.219,0,39.869,1,0,ST2C3,after,ST2C3F,control
C22V2,female,58.33,NA,NA,NA,2.497,0,0,4.999,0,15.701,0,37.142,0,1,ST2C3,after,ST2C3F,control
C22V2,female,58.33,NA,NA,NA,0,0,0,0,0,17.891,0,40.162,0,2,ST2C3,after,ST2C3F,control
C22V2,female,58.33,NA,NA,NA,0,0,2.172,0,6.745,8.901,2.001,38.233,0,3,ST2C3,after,ST2C3F,control
C22V2,female,58.33,NA,NA,NA,13.248,0,11.898,0,10.001,0,35.974,0,0,4,ST2C3,after,ST2C3F,control
C22V2,male,66.73,0,0,0,0.753,0,0,8.748,0,28.386,0,29.114,0,0,ST2C3,after,ST2C3M,control
C22V2,male,58.33,0,0,0,1,0,0,8.746,0,29.672,0,19.653,0,1,ST2C3,after,ST2C3M,control
C22V2,male,58.33,0,0,0,0,0,0,4.499,0,23.614,0,29.751,0,2,ST2C3,after,ST2C3M,control
C22V2,male,58.33,0,0,0,5,0,0.921,0,7.495,12.251,4.253,33.141,0,3,ST2C3,after,ST2C3M,control
C22V2,male,58.33,0,0,1.251,8.998,0,15.152,0,9.994,0,32.716,0,0,4,ST2C3,after,ST2C3M,control
C23V1,female,66.87,NA,NA,NA,0,0,45.618,14.895,3.999,1.002,0.999,0,0,5,ST2AC14,before,ST2AC14F,alarm
C23V1,female,58.51,NA,NA,NA,0,0,36.367,0,9.991,0,11.747,0,0,6,ST2AC14,before,ST2AC14F,alarm
C23V1,female,58.51,NA,NA,NA,25.111,0,10.402,4.998,8.743,0.748,2.748,30.359,0,7,ST2AC14,before,ST2AC14F,alarm
C23V1,female,58.51,NA,NA,NA,21.248,0,3.998,5.248,2.374,2.996,4.248,39.151,0,8,ST2AC14,before,ST2AC14F,alarm
C23V1,female,58.51,NA,NA,NA,0,0,0,0,0,0,0,0,0,9,ST2AC14,before,ST2AC14F,alarm
C23V1,male,66.87,4.254,2,13.841,0,0,30.155,19.894,9.498,5.498,0.997,0.5,1,5,ST2AC14,before,ST2AC14M,alarm
C23V1,male,58.51,13.501,4,28.727,0,0,35.096,0,6.747,0,16.246,0,0,6,ST2AC14,before,ST2AC14M,alarm
C23V1,male,58.51,0,0,3.998,0,0,21.895,12.376,8.496,6.744,2.241,6.245,0,7,ST2AC14,before,ST2AC14M,alarm
C23V1,male,58.51,9.999,2,9.363,0,0,5.993,2.997,15.994,13.514,12.496,6.249,0,8,ST2AC14,before,ST2AC14M,alarm
C23V1,male,58.51,11.499,3,15.997,0,0,1.747,1.499,7.492,4.154,32.113,11,0,9,ST2AC14,before,ST2AC14M,alarm
C23V2,female,66.93,NA,NA,NA,17.613,37.75,0,0,0,0,66.518,0,0,0,ST2AC14,after,ST2AC14F,alarm
C23V2,female,58.51,NA,NA,NA,55.002,0,0,0,0,0,56.272,0,0,1,ST2AC14,after,ST2AC14F,alarm
C23V2,female,58.51,NA,NA,NA,26.614,0,0,0,0,0,58.022,0,0,2,ST2AC14,after,ST2AC14F,alarm
C23V2,female,58.51,NA,NA,NA,21.75,0,0,0,0,0,58.025,0,0,3,ST2AC14,after,ST2AC14F,alarm
C23V2,female,58.51,NA,NA,NA,18.751,0,0,0,0,0,28.903,29.108,0,4,ST2AC14,after,ST2AC14F,alarm
C23V2,male,66.93,6.996,2,0,0,8.503,0,0,0,0,66.621,0,0,0,ST2AC14,after,ST2AC14M,alarm
C23V2,male,58.51,14,3,0,3.252,0,0,0,3.495,0,41.276,13.244,0,1,ST2AC14,after,ST2AC14M,alarm
C23V2,male,58.51,14.118,2,0.748,0,0,0,0,7.15,0,50.361,0.498,1,2,ST2AC14,after,ST2AC14M,alarm
C23V2,male,58.51,20.858,3,0.499,0,0,0,0,0,0,57.011,0.999,0,3,ST2AC14,after,ST2AC14M,alarm
C23V2,male,58.51,14.605,2,0,0,0,0,0,1.749,0,37.65,18.608,0,4,ST2AC14,after,ST2AC14M,alarm
C24V1,female,66.67,NA,NA,NA,0,0,0,0,0,0,5.499,60.874,0,5,ST2C5,before,ST2C5F,control
C24V1,female,58.33,NA,NA,NA,2.247,8.996,9.247,0,5.497,0,15.175,28.153,0,6,ST2C5,before,ST2C5F,control
C24V1,female,58.33,NA,NA,NA,0,0,0,0,0,0,1.154,56.717,0,7,ST2C5,before,ST2C5F,control
C24V1,female,58.33,NA,NA,NA,0,10.172,0,0,0,0,14.497,43.577,0,8,ST2C5,before,ST2C5F,control
C24V1,female,58.33,NA,NA,NA,4.25,32.751,0,0,0,0,0,57.872,0,9,ST2C5,before,ST2C5F,control
C24V1,male,66.67,17.746,4,41.998,0,0,0,0,0.107,1.113,4.749,60.403,0,5,ST2C5,before,ST2C5M,control
C24V1,male,58.33,5.749,2,5.682,0,0,4.747,4.249,11.401,0,21.928,15.248,0,6,ST2C5,before,ST2C5M,control
C24V1,male,58.33,3.253,2,31.497,0,0,0,0,0,1.752,8.998,47.312,0,7,ST2C5,before,ST2C5M,control
C24V1,male,58.33,23.996,3,26.249,0,0,0,0,0,2.247,14.499,41.331,0,8,ST2C5,before,ST2C5M,control
C24V1,male,58.33,1.248,1,16.923,0,0,0,19.746,0,9.75,0,28.572,0,9,ST2C5,before,ST2C5M,control
C24V2,female,66.73,NA,NA,NA,0,0,7.75,18.652,0,9.255,0,30.657,0,0,ST2C5,after,ST2C5F,control
C24V2,female,58.33,NA,NA,NA,0,0,0,0,0,3.748,0,54.336,0,1,ST2C5,after,ST2C5F,control
C24V2,female,58.33,NA,NA,NA,1,2.001,10.552,2.248,2.347,0,30.498,12.404,0,2,ST2C5,after,ST2C5F,control
C24V2,female,58.33,NA,NA,NA,0,0,4.001,13.211,4.149,5.256,13.999,17.239,0,3,ST2C5,after,ST2C5F,control
C24V2,female,58.33,NA,NA,NA,0,0,5,5.401,4.497,3.174,23.756,16.244,0,4,ST2C5,after,ST2C5F,control
C24V2,male,66.73,5.498,3,36.863,0,0,11.151,14.747,0,5.997,0.001,34.362,1,0,ST2C5,after,ST2C5M,control
C24V2,male,58.33,6.995,2,46.431,0,0,0,0,0,1.5,0,56.582,0,1,ST2C5,after,ST2C5M,control
C24V2,male,58.33,12.248,3,5.499,0,0,13.745,7.249,4.423,1.249,15.749,15.651,0,2,ST2C5,after,ST2C5M,control
C24V2,male,58.33,27.992,3,14.471,0,0,1.498,14.21,0.253,7.251,14.994,19.648,0,3,ST2C5,after,ST2C5M,control
C24V2,male,58.33,8.748,3,27.421,0,0,0,4.905,10.493,4.421,20.75,17.494,0,4,ST2C5,after,ST2C5M,control
C25V1,female,57.83,NA,NA,NA,1.919,0,0.001,16.152,0.747,0,37.92,2.749,0,5,ST2AC8,before,ST2AC8F,alarm
C25V1,female,57.83,NA,NA,NA,7.991,0,17.972,0,5.498,0,19.401,14.499,0,6,ST2AC8,before,ST2AC8F,alarm
C25V1,female,66.09,NA,NA,NA,0,0,31.903,16.997,14.971,1.499,0.252,0,0,7,ST2AC8,before,ST2AC8F,alarm
C25V1,female,57.83,NA,NA,NA,0,0,9.333,0,19.307,0,21.999,6.749,0,8,ST2AC8,before,ST2AC8F,alarm
C25V1,female,56.9,NA,NA,NA,0,0,21.003,3.996,23.141,0.749,3.615,4.003,0,9,ST2AC8,before,ST2AC8F,alarm
C25V1,male,57.83,7.996,2,0,7.003,0,0,0,6.498,0,33.624,16.74,0,5,ST2AC8,before,ST2AC8M,alarm
C25V1,male,57.83,10.16,3,10.25,1.998,0,18.667,0,11.749,0,26.397,0.751,1,6,ST2AC8,before,ST2AC8M,alarm
C25V1,male,66.09,7.745,2,17.167,0,0,38.402,4.749,16.167,0.5,6,0,1,7,ST2AC8,before,ST2AC8M,alarm
C25V1,male,57.83,6.751,2,31.422,0,0,10.25,0,36.067,0,11.254,0,1,8,ST2AC8,before,ST2AC8M,alarm
C25V1,male,56.9,14.495,4,26.606,0,0,20.746,0,26.002,4.499,3.501,1.749,2,9,ST2AC8,before,ST2AC8M,alarm
C25V2,female,66.16,NA,NA,NA,0,25.25,0,0,0,0,56.998,8.12,0,0,ST2AC8,after,ST2AC8F,alarm
C25V2,female,57.83,NA,NA,NA,15.751,0,0,0,0,0,48.173,9.006,0,1,ST2AC8,after,ST2AC8F,alarm
C25V2,female,57.83,NA,NA,NA,1.499,0,0,0,0,0,29.905,27.471,0,2,ST2AC8,after,ST2AC8F,alarm
C25V2,female,66.09,NA,NA,NA,14.252,0,0,0,0,0,50.974,14.653,0,3,ST2AC8,after,ST2AC8F,alarm
C25V2,female,57.83,NA,NA,NA,15.223,0,0,0,0,0,32.653,24.719,0,4,ST2AC8,after,ST2AC8F,alarm
C25V2,male,66.16,0,0,0,0,36.25,0,0,9.748,0,53.02,2.997,0,0,ST2AC8,after,ST2AC8M,alarm
C25V2,male,57.83,21.178,3,21.502,0,0,0,0,3.749,0,47.267,6.557,0,1,ST2AC8,after,ST2AC8M,alarm
C25V2,male,57.83,18.746,2,17.753,0,0,0,0,0,0,26.561,31.002,1,2,ST2AC8,after,ST2AC8M,alarm
C25V2,male,66.09,21.253,3,33.249,0,0,0,0,6.704,0,46.154,12.748,1,3,ST2AC8,after,ST2AC8M,alarm
C25V2,male,57.83,20.495,2,2.503,1.749,2.252,0,0,8.152,0,22.496,26.722,0,4,ST2AC8,after,ST2AC8M,alarm
C26V1,female,66.67,NA,NA,NA,50.001,0,1.999,2.36,2.902,1.749,22.249,34.998,0,5,ST2C2,before,ST2C2F,control
C26V1,female,58.33,NA,NA,NA,21.628,0,4.497,1.746,3.153,4.993,17.946,25.748,0,6,ST2C2,before,ST2C2F,control
C26V1,female,58.33,NA,NA,NA,29.468,0,3.498,1.498,5.649,1.499,20.951,24.747,0,7,ST2C2,before,ST2C2F,control
C26V1,female,58.33,NA,NA,NA,12.998,0,1.25,1.938,3.745,9.235,13.147,28.749,0,8,ST2C2,before,ST2C2F,control
C26V1,female,58.33,NA,NA,NA,0,0,4,3.246,3.991,6.493,10.24,30.075,0,9,ST2C2,before,ST2C2F,control
C26V1,male,66.67,0,0,0,0.75,0,10.499,17.748,1.499,30.013,3.249,3.252,0,5,ST2C2,before,ST2C2M,control
C26V1,male,58.33,0,0,0,3.252,0,1.994,14.151,1.25,21.25,4.498,14.724,0,6,ST2C2,before,ST2C2M,control
C26V1,male,58.33,0,0,1.752,14.26,0,0.274,4.999,1.41,19.392,5.003,26.747,0,7,ST2C2,before,ST2C2M,control
C26V1,male,58.33,0,0,39.249,0.5,0,1.499,5.649,4.493,12.997,10.998,22.42,0,8,ST2C2,before,ST2C2M,control
C26V1,male,58.33,0,0,31.245,0.253,0,4.251,4.746,4.744,5.493,3.748,35.072,0,9,ST2C2,before,ST2C2M,control
C26V2,female,66.73,NA,NA,NA,30.118,0,0,2.999,6.242,0.497,41.748,14.77,0,0,ST2C2,after,ST2C2F,control
C26V2,female,58.33,NA,NA,NA,57.417,0,0,0,0,0,0,58.072,0,1,ST2C2,after,ST2C2F,control
C26V2,female,58.33,NA,NA,NA,50.933,0,0,0,0,0.999,6.751,50.329,0,2,ST2C2,after,ST2C2F,control
C26V2,female,58.33,NA,NA,NA,52.678,0,0,0,0,0,10.748,47.331,0,3,ST2C2,after,ST2C2F,control
C26V2,female,58.33,NA,NA,NA,19.997,0,0,3.997,0,5.253,0,48.821,0,4,ST2C2,after,ST2C2F,control
C26V2,male,66.73,1.002,1,8.999,0.501,0,12.738,0,13.568,2.77,31.488,5.65,0,0,ST2C2,after,ST2C2M,control
C26V2,male,58.33,0,0,4.752,7.501,0,0,0.999,0,14.467,0,42.403,0,1,ST2C2,after,ST2C2M,control
C26V2,male,58.33,0,0,0,0,0,0,0,4.001,35.647,10.249,8.167,0,2,ST2C2,after,ST2C2M,control
C26V2,male,58.33,0,0,0,0,0,13.999,1,3.498,24.804,6.247,8.515,0,3,ST2C2,after,ST2C2M,control
C26V2,male,58.33,0,0,3.994,7.256,0,0,5.998,0,13.738,0,38.114,0,4,ST2C2,after,ST2C2M,control
C27V1,female,61.13,NA,NA,NA,0,0,1.499,3.748,24.745,15.61,6.902,8.248,0,5,ST2AC13,before,ST2AC13F,alarm
C27V1,female,61.13,NA,NA,NA,19.118,0,0,0,0,10.248,0,50.521,0,6,ST2AC13,before,ST2AC13F,alarm
C27V1,female,61.13,NA,NA,NA,18.251,0,0,0,0,0,56.41,4.154,0,7,ST2AC13,before,ST2AC13F,alarm
C27V1,female,50.95,NA,NA,NA,3.003,0,0,0,0,0,46.518,4,0,8,ST2AC13,before,ST2AC13F,alarm
C27V1,female,61.13,NA,NA,NA,5.247,0,0,0,0,0,51.021,9.747,0,9,ST2AC13,before,ST2AC13F,alarm
C27V1,male,61.13,0,0,53.577,0,0,3.751,5.248,25.397,12.059,7.247,6.998,0,5,ST2AC13,before,ST2AC13M,alarm
C27V1,male,61.13,0,0,18.157,0,0,0,0,0,8.655,0,51.906,0,6,ST2AC13,before,ST2AC13M,alarm
C27V1,male,61.13,4.245,1,36.404,0,0,0,0,0,0,47.618,13.153,0,7,ST2AC13,before,ST2AC13M,alarm
C27V1,male,50.95,10.746,2,14.506,1.755,0,0,0,0,0,41.778,8.747,0,8,ST2AC13,before,ST2AC13M,alarm
C27V1,male,61.13,6.747,3,6.497,6.746,0,0,0,0,0,42.266,18.5,0,9,ST2AC13,before,ST2AC13M,alarm
C28V1,female,58.78,NA,NA,NA,0,0,1.746,5.151,10.324,9.995,17.302,13.749,0,5,ST2C15,before,ST2C15F,control
C28V1,female,67.18,NA,NA,NA,0,0,18.861,0,22.12,0,25.752,0,0,6,ST2C15,before,ST2C15F,control
C28V1,female,58.78,NA,NA,NA,0,0,35.148,0,15.41,0,7.751,0,0,7,ST2C15,before,ST2C15F,control
C28V1,female,58.78,NA,NA,NA,0,0,30.366,0,15.968,0,11.893,0,0,8,ST2C15,before,ST2C15F,control
C28V1,female,58.78,NA,NA,NA,0,0,30.509,0,12.492,0,15.492,0,0,9,ST2C15,before,ST2C15F,control
C28V1,male,58.78,0,0,18.371,0,0,8.249,13.905,11.488,7.497,6.862,10.246,0,5,ST2C15,before,ST2C15M,control
C28V1,male,67.18,29.558,6,0,0,0,24.901,0,26.269,0,15.737,0,0,6,ST2C15,before,ST2C15M,control
C28V1,male,58.78,2.751,2,9.163,0,0,39.153,9.75,6.669,0,2.995,0,0,7,ST2C15,before,ST2C15M,control
C28V1,male,58.78,0,0,1.251,0,0,54.12,0,4.249,0,0,0,0,8,ST2C15,before,ST2C15M,control
C28V1,male,58.78,0,0,5.502,0,0,46.615,0,5.745,0,5.994,0,0,9,ST2C15,before,ST2C15M,control
C28V2,female,67.25,NA,NA,NA,0,0.75,2.247,2.498,10.991,4.999,20.4,25.609,0,0,ST2C15,after,ST2C15F,control
C28V2,female,58.78,NA,NA,NA,1.002,0,6.996,1.501,12.746,4.223,31.236,1.654,0,1,ST2C15,after,ST2C15F,control
C28V2,female,58.78,NA,NA,NA,0.996,0,7.747,0,17.478,4.25,15.15,13.65,0,2,ST2C15,after,ST2C15F,control
C28V2,female,58.78,NA,NA,NA,0,0,19.614,0,19.235,0,19.395,0,0,3,ST2C15,after,ST2C15F,control
C28V2,female,58.78,NA,NA,NA,0,0,6,0,5.647,2.496,31.245,12.969,1,4,ST2C15,after,ST2C15F,control
C28V2,male,67.25,0,0,11.114,0,2.252,2.747,1.999,9.654,14.998,13.102,23.745,1,0,ST2C15,after,ST2C15M,control
C28V2,male,58.78,0,0,12.751,0,0,31.715,0,6.248,0,14.998,5.399,0,1,ST2C15,after,ST2C15M,control
C28V2,male,58.78,0,0,20.104,0,0,23.644,0,15.737,0.749,17.353,0.499,1,2,ST2C15,after,ST2C15M,control
C28V2,male,58.78,6.999,1,47.608,0,0,19.864,0,22.493,0,15.889,0,0,3,ST2C15,after,ST2C15M,control
C28V2,male,58.78,0,0,53.117,0,0,4.495,0,10.155,2.997,29.991,10.611,0,4,ST2C15,after,ST2C15M,control
C29V1,female,57.83,NA,NA,NA,0,0,35.926,20.402,0.499,0,0,0,0,5,ST2C6,before,ST2C6F,control
C29V1,female,57.83,NA,NA,NA,0,0,5.404,8.828,1.499,9.068,9.745,22.994,0,6,ST2C6,before,ST2C6F,control
C29V1,female,66.09,NA,NA,NA,2.751,0,6.491,0,7.147,1.997,40.211,9.751,0,7,ST2C6,before,ST2C6F,control
C29V1,female,57.83,NA,NA,NA,0,0,11.492,19.748,0.499,9.168,6.154,10.498,0,8,ST2C6,before,ST2C6F,control
C29V1,female,57.83,NA,NA,NA,0,0,20.734,5.422,13.253,0.996,11.487,5.653,0,9,ST2C6,before,ST2C6F,control
C29V1,male,57.83,0,0,2.25,0,0,4.998,10.641,2.894,23.745,2.07,13.239,0,5,ST2C6,before,ST2C6M,control
C29V1,male,57.83,0,0,7.752,0,0,0.253,5.746,2.498,22.659,1.154,25.236,0,6,ST2C6,before,ST2C6M,control
C29V1,male,66.09,0,0,9.75,4.75,0,0,1.151,0,13.988,29.223,21.468,0,7,ST2C6,before,ST2C6M,control
C29V1,male,57.83,2.247,1,4.747,0,0,0,9.252,0,25.645,0,22.657,0,8,ST2C6,before,ST2C6M,control
C29V1,male,57.83,0,0,4.253,0,0,0,11.749,0,20.97,0,24.816,0,9,ST2C6,before,ST2C6M,control
C29V2,female,66.16,NA,NA,NA,0.748,0,2.747,0,19.5,8.148,19.239,16.115,0,0,ST2C6,after,ST2C6F,control
C29V2,female,57.83,NA,NA,NA,0,0,0.999,0,5.459,1.998,18.243,30.649,0,1,ST2C6,after,ST2C6F,control
C29V2,female,57.83,NA,NA,NA,1.749,0,0,0,8.259,0,37.488,11.498,0,2,ST2C6,after,ST2C6F,control
C29V2,female,66.09,NA,NA,NA,0,0,14.744,6,12.677,0,26.4,5.998,0,3,ST2C6,after,ST2C6F,control
C29V2,female,54.59,NA,NA,NA,0,0,19.248,0,12.162,0,22.643,0,0,4,ST2C6,after,ST2C6F,control
C29V2,male,66.16,3.252,2,21.614,0,0,2.996,0,12.152,13.491,15.499,20.611,0,0,ST2C6,after,ST2C6M,control
C29V2,male,57.83,2.244,2,46.777,0,0,0,0,6.399,2.996,12.496,35.647,0,1,ST2C6,after,ST2C6M,control
C29V2,male,57.83,6.252,4,30.617,0,0,0,0.5,9.255,2.752,31.756,12.492,0,2,ST2C6,after,ST2C6M,control
C29V2,male,66.09,0.751,1,40.486,0,0,8.5,2.497,11.312,5.244,29.164,8.999,0,3,ST2C6,after,ST2C6M,control
C29V2,male,54.59,4.745,3,31.754,3.252,0,14.741,0,14.331,0,25.235,0,0,4,ST2C6,after,ST2C6M,control
C30V1,female,57.83,NA,NA,NA,3.998,0,8.999,14.926,7.239,0.25,21.65,4.498,0,5,ST2AC7,before,ST2AC7F,alarm
C30V1,female,57.83,NA,NA,NA,2,0,18.571,9.745,8.245,0.998,17.492,2.498,0,6,ST2AC7,before,ST2AC7F,alarm
C30V1,female,66.09,NA,NA,NA,0,0,22.393,16.004,17.163,0,10.236,0,0,7,ST2AC7,before,ST2AC7F,alarm
C30V1,female,57.83,NA,NA,NA,0.494,0,7.239,5.351,13.993,0.635,27.9,1.499,0,8,ST2AC7,before,ST2AC7F,alarm
C30V1,female,57.83,NA,NA,NA,0,0,2.748,39.973,0,4.247,1.497,8.901,0,9,ST2AC7,before,ST2AC7F,alarm
C30V1,male,57.83,0,0,0,0,0,30.722,16.998,4.494,0,5.158,0,0,5,ST2AC7,before,ST2AC7M,alarm
C30V1,male,57.83,0,0,3.251,0,0,19.863,17.249,5.998,0,14.246,0,0,6,ST2AC7,before,ST2AC7M,alarm
C30V1,male,66.09,0,0,0,0,0,29.403,23.361,1.746,1.5,4.999,3.5,0,7,ST2AC7,before,ST2AC7M,alarm
C30V1,male,57.83,0,0,0,0,0,0,34.83,0,5.746,0,16.999,0,8,ST2AC7,before,ST2AC7M,alarm
C30V1,male,57.83,0,0,0,0,0,0,22.648,2.18,16.242,0.499,15.995,0,9,ST2AC7,before,ST2AC7M,alarm
C30V2,female,66.16,NA,NA,NA,6.75,0,8.248,27.148,0,7.998,0,22.364,0,0,ST2AC7,after,ST2AC7F,alarm
C30V2,female,57.83,NA,NA,NA,12.499,0,0,1.961,5.497,12.746,7.993,28.903,0,1,ST2AC7,after,ST2AC7F,alarm
C30V2,female,57.83,NA,NA,NA,0,0,0,0,0,12.532,0,44.74,0,2,ST2AC7,after,ST2AC7F,alarm
C30V2,female,66.09,NA,NA,NA,0,0,0,1.001,0,29.252,0,35.55,0,3,ST2AC7,after,ST2AC7F,alarm
C30V2,female,57.83,NA,NA,NA,0,0,6.497,11.999,8.367,10.507,0,20.148,0,4,ST2AC7,after,ST2AC7F,alarm
C30V2,male,66.16,0,0,0,0.498,0,11.749,30.397,1.999,0,0,21.615,0,0,ST2AC7,after,ST2AC7M,alarm
C30V2,male,57.83,0,0,5.253,4.002,0,0,1.995,2.502,2.497,35.711,13.653,0,1,ST2AC7,after,ST2AC7M,alarm
C30V2,male,57.83,0,0,8.749,0,0,10.744,0.251,8.489,1.913,19.653,16.246,0,2,ST2AC7,after,ST2AC7M,alarm
C30V2,male,66.09,0,0,4.501,0,0,18.492,11.163,2.253,14.901,2.248,16.744,0,3,ST2AC7,after,ST2AC7M,alarm
C30V2,male,57.83,0,0,0,1.498,0,0,22.248,0,9.749,0,25.367,0,4,ST2AC7,after,ST2AC7M,alarm
